rocHPCG version: 0.8.3-7636f34 (based on hpcg-3.1)
Using HIP device (0):  (65520 MB global memory)

Setup Phase took 0.03 sec

Copying GPU assembled data to host for reference computations

Checking assembled data ...

Starting Reference CG Phase ...

REFERENCE Initial Residual = 5.660695e+03
REFERENCE Iteration = 1   Scaled Residual = 1.857836e-01
REFERENCE Iteration = 2   Scaled Residual = 1.018949e-01
REFERENCE Iteration = 3   Scaled Residual = 7.024168e-02
REFERENCE Iteration = 4   Scaled Residual = 5.357793e-02
REFERENCE Iteration = 5   Scaled Residual = 4.324831e-02
REFERENCE Iteration = 6   Scaled Residual = 3.620988e-02
REFERENCE Iteration = 7   Scaled Residual = 3.111134e-02
REFERENCE Iteration = 8   Scaled Residual = 2.726007e-02
REFERENCE Iteration = 9   Scaled Residual = 2.425797e-02
REFERENCE Iteration = 10   Scaled Residual = 2.185265e-02
REFERENCE Iteration = 11   Scaled Residual = 1.987491e-02
REFERENCE Iteration = 12   Scaled Residual = 1.820861e-02
REFERENCE Iteration = 13   Scaled Residual = 1.677371e-02
REFERENCE Iteration = 14   Scaled Residual = 1.551939e-02
REFERENCE Iteration = 15   Scaled Residual = 1.441463e-02
REFERENCE Iteration = 16   Scaled Residual = 1.343903e-02
REFERENCE Iteration = 17   Scaled Residual = 1.257818e-02
REFERENCE Iteration = 18   Scaled Residual = 1.181835e-02
REFERENCE Iteration = 19   Scaled Residual = 1.114377e-02
REFERENCE Iteration = 20   Scaled Residual = 1.053831e-02
REFERENCE Iteration = 21   Scaled Residual = 9.986375e-03
REFERENCE Iteration = 22   Scaled Residual = 9.474857e-03
REFERENCE Iteration = 23   Scaled Residual = 8.996370e-03
REFERENCE Iteration = 24   Scaled Residual = 8.548468e-03
REFERENCE Iteration = 25   Scaled Residual = 8.131537e-03
REFERENCE Iteration = 26   Scaled Residual = 7.747382e-03
REFERENCE Iteration = 27   Scaled Residual = 7.396224e-03
REFERENCE Iteration = 28   Scaled Residual = 7.075252e-03
REFERENCE Iteration = 29   Scaled Residual = 6.779564e-03
REFERENCE Iteration = 30   Scaled Residual = 6.502792e-03
REFERENCE Iteration = 31   Scaled Residual = 6.239884e-03
REFERENCE Iteration = 32   Scaled Residual = 5.992256e-03
REFERENCE Iteration = 33   Scaled Residual = 5.775328e-03
REFERENCE Iteration = 34   Scaled Residual = 5.636700e-03
REFERENCE Iteration = 35   Scaled Residual = 5.687363e-03
REFERENCE Iteration = 36   Scaled Residual = 6.107710e-03
REFERENCE Iteration = 37   Scaled Residual = 6.942002e-03
REFERENCE Iteration = 38   Scaled Residual = 7.315811e-03
REFERENCE Iteration = 39   Scaled Residual = 5.704675e-03
REFERENCE Iteration = 40   Scaled Residual = 3.478732e-03
REFERENCE Iteration = 41   Scaled Residual = 2.707532e-03
REFERENCE Iteration = 42   Scaled Residual = 3.039918e-03
REFERENCE Iteration = 43   Scaled Residual = 2.527545e-03
REFERENCE Iteration = 44   Scaled Residual = 2.063980e-03
REFERENCE Iteration = 45   Scaled Residual = 1.928522e-03
REFERENCE Iteration = 46   Scaled Residual = 1.621703e-03
REFERENCE Iteration = 47   Scaled Residual = 1.507093e-03
REFERENCE Iteration = 48   Scaled Residual = 1.166336e-03
REFERENCE Iteration = 49   Scaled Residual = 1.151750e-03
REFERENCE Iteration = 50   Scaled Residual = 8.219993e-04

Optimization Phase took 0.11 sec

Validation Testing Phase ...

Optimized CG Setup ...

HIP Initial Residual = 5.660695e+03
HIP Iteration = 1   Scaled Residual = 2.181856e-01
HIP Iteration = 2   Scaled Residual = 1.180874e-01
HIP Iteration = 3   Scaled Residual = 8.043642e-02
HIP Iteration = 4   Scaled Residual = 6.086850e-02
HIP Iteration = 5   Scaled Residual = 4.899131e-02
HIP Iteration = 6   Scaled Residual = 4.095157e-02
HIP Iteration = 7   Scaled Residual = 3.517416e-02
HIP Iteration = 8   Scaled Residual = 3.080871e-02
HIP Iteration = 9   Scaled Residual = 2.739452e-02
HIP Iteration = 10   Scaled Residual = 2.464847e-02
HIP Iteration = 11   Scaled Residual = 2.239677e-02
HIP Iteration = 12   Scaled Residual = 2.051405e-02
HIP Iteration = 13   Scaled Residual = 1.892260e-02
HIP Iteration = 14   Scaled Residual = 1.756149e-02
HIP Iteration = 15   Scaled Residual = 1.638794e-02
HIP Iteration = 16   Scaled Residual = 1.536932e-02
HIP Iteration = 17   Scaled Residual = 1.447867e-02
HIP Iteration = 18   Scaled Residual = 1.369274e-02
HIP Iteration = 19   Scaled Residual = 1.298857e-02
HIP Iteration = 20   Scaled Residual = 1.234396e-02
HIP Iteration = 21   Scaled Residual = 1.173862e-02
HIP Iteration = 22   Scaled Residual = 1.115601e-02
HIP Iteration = 23   Scaled Residual = 1.058828e-02
HIP Iteration = 24   Scaled Residual = 1.003561e-02
HIP Iteration = 25   Scaled Residual = 9.503853e-03
HIP Iteration = 26   Scaled Residual = 9.001823e-03
HIP Iteration = 27   Scaled Residual = 8.535616e-03
HIP Iteration = 28   Scaled Residual = 8.107796e-03
HIP Iteration = 29   Scaled Residual = 7.718998e-03
HIP Iteration = 30   Scaled Residual = 7.368339e-03
HIP Iteration = 31   Scaled Residual = 7.057249e-03
HIP Iteration = 32   Scaled Residual = 6.793597e-03
HIP Iteration = 33   Scaled Residual = 6.594866e-03
HIP Iteration = 34   Scaled Residual = 6.493363e-03
HIP Iteration = 35   Scaled Residual = 6.534982e-03
HIP Iteration = 36   Scaled Residual = 6.755791e-03
HIP Iteration = 37   Scaled Residual = 7.109370e-03
HIP Iteration = 38   Scaled Residual = 7.320657e-03
HIP Iteration = 39   Scaled Residual = 6.844474e-03
HIP Iteration = 40   Scaled Residual = 5.420998e-03
HIP Iteration = 41   Scaled Residual = 3.701138e-03
HIP Iteration = 42   Scaled Residual = 2.557641e-03
HIP Iteration = 43   Scaled Residual = 2.307568e-03
HIP Iteration = 44   Scaled Residual = 2.647604e-03
HIP Iteration = 45   Scaled Residual = 2.392275e-03
HIP Iteration = 46   Scaled Residual = 1.587303e-03
HIP Iteration = 47   Scaled Residual = 1.433270e-03
HIP Iteration = 48   Scaled Residual = 1.565971e-03
HIP Iteration = 49   Scaled Residual = 1.064746e-03
HIP Iteration = 50   Scaled Residual = 9.135880e-04
HIP Iteration = 51   Scaled Residual = 9.212562e-04
HIP Iteration = 52   Scaled Residual = 5.953301e-04

Total device memory usage: 7398 MByte (10958 MByte)

Starting Benchmarking Phase ...

Performing (at least) 1394 CG sets in 2000.0 seconds ...
CG set 1 / 1394    223.7724 GFlop/s     (223.7724 GFlop/s per process)    0%    1998.6 sec left
CG set 2 / 1394    221.8607 GFlop/s     (221.8607 GFlop/s per process)    0%    1997.2 sec left
CG set 3 / 1394    221.5370 GFlop/s     (221.5370 GFlop/s per process)    0%    1995.7 sec left
CG set 4 / 1394    221.5429 GFlop/s     (221.5429 GFlop/s per process)    0%    1994.3 sec left
CG set 5 / 1394    221.0934 GFlop/s     (221.0934 GFlop/s per process)    0%    1992.9 sec left
CG set 6 / 1394    220.8498 GFlop/s     (220.8498 GFlop/s per process)    0%    1991.4 sec left
CG set 7 / 1394    220.9414 GFlop/s     (220.9414 GFlop/s per process)    0%    1990.0 sec left
CG set 8 / 1394    220.6986 GFlop/s     (220.6986 GFlop/s per process)    0%    1988.6 sec left
CG set 9 / 1394    220.7913 GFlop/s     (220.7913 GFlop/s per process)    0%    1987.2 sec left
CG set 10 / 1394    220.8411 GFlop/s     (220.8411 GFlop/s per process)    0%    1985.7 sec left
CG set 11 / 1394    221.0294 GFlop/s     (221.0294 GFlop/s per process)    0%    1984.3 sec left
CG set 12 / 1394    221.0808 GFlop/s     (221.0808 GFlop/s per process)    0%    1982.9 sec left
CG set 13 / 1394    221.0875 GFlop/s     (221.0875 GFlop/s per process)    0%    1981.5 sec left
CG set 14 / 1394    221.1724 GFlop/s     (221.1724 GFlop/s per process)    1%    1980.1 sec left
CG set 15 / 1394    221.1905 GFlop/s     (221.1905 GFlop/s per process)    1%    1978.6 sec left
CG set 16 / 1394    221.2279 GFlop/s     (221.2279 GFlop/s per process)    1%    1977.2 sec left
CG set 17 / 1394    221.2435 GFlop/s     (221.2435 GFlop/s per process)    1%    1975.8 sec left
CG set 18 / 1394    221.2626 GFlop/s     (221.2626 GFlop/s per process)    1%    1974.4 sec left
CG set 19 / 1394    221.2777 GFlop/s     (221.2777 GFlop/s per process)    1%    1973.0 sec left
CG set 20 / 1394    221.2949 GFlop/s     (221.2949 GFlop/s per process)    1%    1971.5 sec left
CG set 21 / 1394    221.3676 GFlop/s     (221.3676 GFlop/s per process)    1%    1970.1 sec left
CG set 22 / 1394    221.3804 GFlop/s     (221.3804 GFlop/s per process)    1%    1968.7 sec left
CG set 23 / 1394    221.3189 GFlop/s     (221.3189 GFlop/s per process)    1%    1967.3 sec left
CG set 24 / 1394    221.3297 GFlop/s     (221.3297 GFlop/s per process)    1%    1965.8 sec left
CG set 25 / 1394    221.4253 GFlop/s     (221.4253 GFlop/s per process)    1%    1964.4 sec left
CG set 26 / 1394    221.3737 GFlop/s     (221.3737 GFlop/s per process)    1%    1963.0 sec left
CG set 27 / 1394    221.3818 GFlop/s     (221.3818 GFlop/s per process)    1%    1961.6 sec left
CG set 28 / 1394    221.3879 GFlop/s     (221.3879 GFlop/s per process)    2%    1960.2 sec left
CG set 29 / 1394    221.3557 GFlop/s     (221.3557 GFlop/s per process)    2%    1958.7 sec left
CG set 30 / 1394    221.3435 GFlop/s     (221.3435 GFlop/s per process)    2%    1957.3 sec left
CG set 31 / 1394    221.2922 GFlop/s     (221.2922 GFlop/s per process)    2%    1955.9 sec left
CG set 32 / 1394    221.3433 GFlop/s     (221.3433 GFlop/s per process)    2%    1954.5 sec left
CG set 33 / 1394    221.3517 GFlop/s     (221.3517 GFlop/s per process)    2%    1953.0 sec left
CG set 34 / 1394    221.3094 GFlop/s     (221.3094 GFlop/s per process)    2%    1951.6 sec left
CG set 35 / 1394    221.3179 GFlop/s     (221.3179 GFlop/s per process)    2%    1950.2 sec left
CG set 36 / 1394    221.3628 GFlop/s     (221.3628 GFlop/s per process)    2%    1948.8 sec left
CG set 37 / 1394    221.3889 GFlop/s     (221.3889 GFlop/s per process)    2%    1947.4 sec left
CG set 38 / 1394    221.3413 GFlop/s     (221.3413 GFlop/s per process)    2%    1945.9 sec left
CG set 39 / 1394    221.3505 GFlop/s     (221.3505 GFlop/s per process)    2%    1944.5 sec left
CG set 40 / 1394    221.3585 GFlop/s     (221.3585 GFlop/s per process)    2%    1943.1 sec left
CG set 41 / 1394    221.3623 GFlop/s     (221.3623 GFlop/s per process)    2%    1941.7 sec left
CG set 42 / 1394    221.3981 GFlop/s     (221.3981 GFlop/s per process)    3%    1940.3 sec left
CG set 43 / 1394    221.3650 GFlop/s     (221.3650 GFlop/s per process)    3%    1938.8 sec left
CG set 44 / 1394    221.3946 GFlop/s     (221.3946 GFlop/s per process)    3%    1937.4 sec left
CG set 45 / 1394    221.4010 GFlop/s     (221.4010 GFlop/s per process)    3%    1936.0 sec left
CG set 46 / 1394    221.4191 GFlop/s     (221.4191 GFlop/s per process)    3%    1934.6 sec left
CG set 47 / 1394    221.4252 GFlop/s     (221.4252 GFlop/s per process)    3%    1933.1 sec left
CG set 48 / 1394    221.4716 GFlop/s     (221.4716 GFlop/s per process)    3%    1931.7 sec left
CG set 49 / 1394    221.4555 GFlop/s     (221.4555 GFlop/s per process)    3%    1930.3 sec left
CG set 50 / 1394    221.4238 GFlop/s     (221.4238 GFlop/s per process)    3%    1928.9 sec left
CG set 51 / 1394    221.4156 GFlop/s     (221.4156 GFlop/s per process)    3%    1927.5 sec left
CG set 52 / 1394    221.4426 GFlop/s     (221.4426 GFlop/s per process)    3%    1926.0 sec left
CG set 53 / 1394    221.4468 GFlop/s     (221.4468 GFlop/s per process)    3%    1924.6 sec left
CG set 54 / 1394    221.4180 GFlop/s     (221.4180 GFlop/s per process)    3%    1923.2 sec left
CG set 55 / 1394    221.4209 GFlop/s     (221.4209 GFlop/s per process)    3%    1921.8 sec left
CG set 56 / 1394    221.4350 GFlop/s     (221.4350 GFlop/s per process)    4%    1920.4 sec left
CG set 57 / 1394    221.4492 GFlop/s     (221.4492 GFlop/s per process)    4%    1918.9 sec left
CG set 58 / 1394    221.4542 GFlop/s     (221.4542 GFlop/s per process)    4%    1917.5 sec left
CG set 59 / 1394    221.4770 GFlop/s     (221.4770 GFlop/s per process)    4%    1916.1 sec left
CG set 60 / 1394    221.5146 GFlop/s     (221.5146 GFlop/s per process)    4%    1914.7 sec left
CG set 61 / 1394    221.5003 GFlop/s     (221.5003 GFlop/s per process)    4%    1913.3 sec left
CG set 62 / 1394    221.4841 GFlop/s     (221.4841 GFlop/s per process)    4%    1911.8 sec left
CG set 63 / 1394    221.4853 GFlop/s     (221.4853 GFlop/s per process)    4%    1910.4 sec left
CG set 64 / 1394    221.4596 GFlop/s     (221.4596 GFlop/s per process)    4%    1909.0 sec left
CG set 65 / 1394    221.4622 GFlop/s     (221.4622 GFlop/s per process)    4%    1907.6 sec left
CG set 66 / 1394    221.4833 GFlop/s     (221.4833 GFlop/s per process)    4%    1906.1 sec left
CG set 67 / 1394    221.4855 GFlop/s     (221.4855 GFlop/s per process)    4%    1904.7 sec left
CG set 68 / 1394    221.4628 GFlop/s     (221.4628 GFlop/s per process)    4%    1903.3 sec left
CG set 69 / 1394    221.4719 GFlop/s     (221.4719 GFlop/s per process)    4%    1901.9 sec left
CG set 70 / 1394    221.4918 GFlop/s     (221.4918 GFlop/s per process)    5%    1900.5 sec left
CG set 71 / 1394    221.5222 GFlop/s     (221.5222 GFlop/s per process)    5%    1899.1 sec left
CG set 72 / 1394    221.5357 GFlop/s     (221.5357 GFlop/s per process)    5%    1897.6 sec left
CG set 73 / 1394    221.5133 GFlop/s     (221.5133 GFlop/s per process)    5%    1896.2 sec left
CG set 74 / 1394    221.5229 GFlop/s     (221.5229 GFlop/s per process)    5%    1894.8 sec left
CG set 75 / 1394    221.5407 GFlop/s     (221.5407 GFlop/s per process)    5%    1893.4 sec left
CG set 76 / 1394    221.5417 GFlop/s     (221.5417 GFlop/s per process)    5%    1892.0 sec left
CG set 77 / 1394    221.5431 GFlop/s     (221.5431 GFlop/s per process)    5%    1890.5 sec left
CG set 78 / 1394    221.5510 GFlop/s     (221.5510 GFlop/s per process)    5%    1889.1 sec left
CG set 79 / 1394    221.5685 GFlop/s     (221.5685 GFlop/s per process)    5%    1887.7 sec left
CG set 80 / 1394    221.5689 GFlop/s     (221.5689 GFlop/s per process)    5%    1886.3 sec left
CG set 81 / 1394    221.5482 GFlop/s     (221.5482 GFlop/s per process)    5%    1884.9 sec left
CG set 82 / 1394    221.5633 GFlop/s     (221.5633 GFlop/s per process)    5%    1883.4 sec left
CG set 83 / 1394    221.5892 GFlop/s     (221.5892 GFlop/s per process)    5%    1882.0 sec left
CG set 84 / 1394    221.5998 GFlop/s     (221.5998 GFlop/s per process)    6%    1880.6 sec left
CG set 85 / 1394    221.5811 GFlop/s     (221.5811 GFlop/s per process)    6%    1879.2 sec left
CG set 86 / 1394    221.5810 GFlop/s     (221.5810 GFlop/s per process)    6%    1877.8 sec left
CG set 87 / 1394    221.5942 GFlop/s     (221.5942 GFlop/s per process)    6%    1876.4 sec left
CG set 88 / 1394    221.5940 GFlop/s     (221.5940 GFlop/s per process)    6%    1874.9 sec left
CG set 89 / 1394    221.5829 GFlop/s     (221.5829 GFlop/s per process)    6%    1873.5 sec left
CG set 90 / 1394    221.5830 GFlop/s     (221.5830 GFlop/s per process)    6%    1872.1 sec left
CG set 91 / 1394    221.5640 GFlop/s     (221.5640 GFlop/s per process)    6%    1870.6 sec left
CG set 92 / 1394    221.5653 GFlop/s     (221.5653 GFlop/s per process)    6%    1869.2 sec left
CG set 93 / 1394    221.5648 GFlop/s     (221.5648 GFlop/s per process)    6%    1867.8 sec left
CG set 94 / 1394    221.5876 GFlop/s     (221.5876 GFlop/s per process)    6%    1866.4 sec left
CG set 95 / 1394    221.5669 GFlop/s     (221.5669 GFlop/s per process)    6%    1865.0 sec left
CG set 96 / 1394    221.5607 GFlop/s     (221.5607 GFlop/s per process)    6%    1863.5 sec left
CG set 97 / 1394    221.5431 GFlop/s     (221.5431 GFlop/s per process)    6%    1862.1 sec left
CG set 98 / 1394    221.5563 GFlop/s     (221.5563 GFlop/s per process)    7%    1860.7 sec left
CG set 99 / 1394    221.5581 GFlop/s     (221.5581 GFlop/s per process)    7%    1859.3 sec left
CG set 100 / 1394    221.5640 GFlop/s     (221.5640 GFlop/s per process)    7%    1857.9 sec left
CG set 101 / 1394    221.5660 GFlop/s     (221.5660 GFlop/s per process)    7%    1856.4 sec left
CG set 102 / 1394    221.5658 GFlop/s     (221.5658 GFlop/s per process)    7%    1855.0 sec left
CG set 103 / 1394    221.5682 GFlop/s     (221.5682 GFlop/s per process)    7%    1853.6 sec left
CG set 104 / 1394    221.5461 GFlop/s     (221.5461 GFlop/s per process)    7%    1852.2 sec left
CG set 105 / 1394    221.5423 GFlop/s     (221.5423 GFlop/s per process)    7%    1850.7 sec left
CG set 106 / 1394    221.5629 GFlop/s     (221.5629 GFlop/s per process)    7%    1849.3 sec left
CG set 107 / 1394    221.5447 GFlop/s     (221.5447 GFlop/s per process)    7%    1847.9 sec left
CG set 108 / 1394    221.5397 GFlop/s     (221.5397 GFlop/s per process)    7%    1846.5 sec left
CG set 109 / 1394    221.5400 GFlop/s     (221.5400 GFlop/s per process)    7%    1845.0 sec left
CG set 110 / 1394    221.5253 GFlop/s     (221.5253 GFlop/s per process)    7%    1843.6 sec left
CG set 111 / 1394    221.5254 GFlop/s     (221.5254 GFlop/s per process)    7%    1842.2 sec left
CG set 112 / 1394    221.5365 GFlop/s     (221.5365 GFlop/s per process)    8%    1840.8 sec left
CG set 113 / 1394    221.5229 GFlop/s     (221.5229 GFlop/s per process)    8%    1839.3 sec left
CG set 114 / 1394    221.5236 GFlop/s     (221.5236 GFlop/s per process)    8%    1837.9 sec left
CG set 115 / 1394    221.5249 GFlop/s     (221.5249 GFlop/s per process)    8%    1836.5 sec left
CG set 116 / 1394    221.5253 GFlop/s     (221.5253 GFlop/s per process)    8%    1835.1 sec left
CG set 117 / 1394    221.5443 GFlop/s     (221.5443 GFlop/s per process)    8%    1833.7 sec left
CG set 118 / 1394    221.5362 GFlop/s     (221.5362 GFlop/s per process)    8%    1832.2 sec left
CG set 119 / 1394    221.5271 GFlop/s     (221.5271 GFlop/s per process)    8%    1830.8 sec left
CG set 120 / 1394    221.5339 GFlop/s     (221.5339 GFlop/s per process)    8%    1829.4 sec left
CG set 121 / 1394    221.5448 GFlop/s     (221.5448 GFlop/s per process)    8%    1828.0 sec left
CG set 122 / 1394    221.5452 GFlop/s     (221.5452 GFlop/s per process)    8%    1826.6 sec left
CG set 123 / 1394    221.5555 GFlop/s     (221.5555 GFlop/s per process)    8%    1825.2 sec left
CG set 124 / 1394    221.5561 GFlop/s     (221.5561 GFlop/s per process)    8%    1823.7 sec left
CG set 125 / 1394    221.5420 GFlop/s     (221.5420 GFlop/s per process)    8%    1822.3 sec left
CG set 126 / 1394    221.5438 GFlop/s     (221.5438 GFlop/s per process)    9%    1820.9 sec left
CG set 127 / 1394    221.5524 GFlop/s     (221.5524 GFlop/s per process)    9%    1819.5 sec left
CG set 128 / 1394    221.5598 GFlop/s     (221.5598 GFlop/s per process)    9%    1818.0 sec left
CG set 129 / 1394    221.5767 GFlop/s     (221.5767 GFlop/s per process)    9%    1816.6 sec left
CG set 130 / 1394    221.5693 GFlop/s     (221.5693 GFlop/s per process)    9%    1815.2 sec left
CG set 131 / 1394    221.5564 GFlop/s     (221.5564 GFlop/s per process)    9%    1813.8 sec left
CG set 132 / 1394    221.5511 GFlop/s     (221.5511 GFlop/s per process)    9%    1812.4 sec left
CG set 133 / 1394    221.5614 GFlop/s     (221.5614 GFlop/s per process)    9%    1810.9 sec left
CG set 134 / 1394    221.5494 GFlop/s     (221.5494 GFlop/s per process)    9%    1809.5 sec left
CG set 135 / 1394    221.5487 GFlop/s     (221.5487 GFlop/s per process)    9%    1808.1 sec left
CG set 136 / 1394    221.5586 GFlop/s     (221.5586 GFlop/s per process)    9%    1806.7 sec left
CG set 137 / 1394    221.5589 GFlop/s     (221.5589 GFlop/s per process)    9%    1805.3 sec left
CG set 138 / 1394    221.5594 GFlop/s     (221.5594 GFlop/s per process)    9%    1803.8 sec left
CG set 139 / 1394    221.5478 GFlop/s     (221.5478 GFlop/s per process)    9%    1802.4 sec left
CG set 140 / 1394    221.5529 GFlop/s     (221.5529 GFlop/s per process)    10%    1801.0 sec left
CG set 141 / 1394    221.5582 GFlop/s     (221.5582 GFlop/s per process)    10%    1799.6 sec left
CG set 142 / 1394    221.5604 GFlop/s     (221.5604 GFlop/s per process)    10%    1798.1 sec left
CG set 143 / 1394    221.5653 GFlop/s     (221.5653 GFlop/s per process)    10%    1796.7 sec left
CG set 144 / 1394    221.5710 GFlop/s     (221.5710 GFlop/s per process)    10%    1795.3 sec left
CG set 145 / 1394    221.5632 GFlop/s     (221.5632 GFlop/s per process)    10%    1793.9 sec left
CG set 146 / 1394    221.5638 GFlop/s     (221.5638 GFlop/s per process)    10%    1792.5 sec left
CG set 147 / 1394    221.5557 GFlop/s     (221.5557 GFlop/s per process)    10%    1791.0 sec left
CG set 148 / 1394    221.5561 GFlop/s     (221.5561 GFlop/s per process)    10%    1789.6 sec left
CG set 149 / 1394    221.5415 GFlop/s     (221.5415 GFlop/s per process)    10%    1788.2 sec left
CG set 150 / 1394    221.5410 GFlop/s     (221.5410 GFlop/s per process)    10%    1786.8 sec left
CG set 151 / 1394    221.5497 GFlop/s     (221.5497 GFlop/s per process)    10%    1785.3 sec left
CG set 152 / 1394    221.5641 GFlop/s     (221.5641 GFlop/s per process)    10%    1783.9 sec left
CG set 153 / 1394    221.5588 GFlop/s     (221.5588 GFlop/s per process)    10%    1782.5 sec left
CG set 154 / 1394    221.5512 GFlop/s     (221.5512 GFlop/s per process)    11%    1781.1 sec left
CG set 155 / 1394    221.5402 GFlop/s     (221.5402 GFlop/s per process)    11%    1779.6 sec left
CG set 156 / 1394    221.5441 GFlop/s     (221.5441 GFlop/s per process)    11%    1778.2 sec left
CG set 157 / 1394    221.5525 GFlop/s     (221.5525 GFlop/s per process)    11%    1776.8 sec left
CG set 158 / 1394    221.5529 GFlop/s     (221.5529 GFlop/s per process)    11%    1775.4 sec left
CG set 159 / 1394    221.5499 GFlop/s     (221.5499 GFlop/s per process)    11%    1774.0 sec left
CG set 160 / 1394    221.5465 GFlop/s     (221.5465 GFlop/s per process)    11%    1772.5 sec left
CG set 161 / 1394    221.5433 GFlop/s     (221.5433 GFlop/s per process)    11%    1771.1 sec left
CG set 162 / 1394    221.5356 GFlop/s     (221.5356 GFlop/s per process)    11%    1769.7 sec left
CG set 163 / 1394    221.5329 GFlop/s     (221.5329 GFlop/s per process)    11%    1768.3 sec left
CG set 164 / 1394    221.5461 GFlop/s     (221.5461 GFlop/s per process)    11%    1766.9 sec left
CG set 165 / 1394    221.5410 GFlop/s     (221.5410 GFlop/s per process)    11%    1765.4 sec left
CG set 166 / 1394    221.5448 GFlop/s     (221.5448 GFlop/s per process)    11%    1764.0 sec left
CG set 167 / 1394    221.5530 GFlop/s     (221.5530 GFlop/s per process)    11%    1762.6 sec left
CG set 168 / 1394    221.5573 GFlop/s     (221.5573 GFlop/s per process)    12%    1761.2 sec left
CG set 169 / 1394    221.5584 GFlop/s     (221.5584 GFlop/s per process)    12%    1759.8 sec left
CG set 170 / 1394    221.5586 GFlop/s     (221.5586 GFlop/s per process)    12%    1758.3 sec left
CG set 171 / 1394    221.5580 GFlop/s     (221.5580 GFlop/s per process)    12%    1756.9 sec left
CG set 172 / 1394    221.5574 GFlop/s     (221.5574 GFlop/s per process)    12%    1755.5 sec left
CG set 173 / 1394    221.5564 GFlop/s     (221.5564 GFlop/s per process)    12%    1754.1 sec left
CG set 174 / 1394    221.5633 GFlop/s     (221.5633 GFlop/s per process)    12%    1752.7 sec left
CG set 175 / 1394    221.5755 GFlop/s     (221.5755 GFlop/s per process)    12%    1751.3 sec left
CG set 176 / 1394    221.5712 GFlop/s     (221.5712 GFlop/s per process)    12%    1749.8 sec left
CG set 177 / 1394    221.5644 GFlop/s     (221.5644 GFlop/s per process)    12%    1748.4 sec left
CG set 178 / 1394    221.5615 GFlop/s     (221.5615 GFlop/s per process)    12%    1747.0 sec left
CG set 179 / 1394    221.5516 GFlop/s     (221.5516 GFlop/s per process)    12%    1745.5 sec left
CG set 180 / 1394    221.5518 GFlop/s     (221.5518 GFlop/s per process)    12%    1744.1 sec left
CG set 181 / 1394    221.5588 GFlop/s     (221.5588 GFlop/s per process)    12%    1742.7 sec left
CG set 182 / 1394    221.5596 GFlop/s     (221.5596 GFlop/s per process)    13%    1741.3 sec left
CG set 183 / 1394    221.5502 GFlop/s     (221.5502 GFlop/s per process)    13%    1739.9 sec left
CG set 184 / 1394    221.5508 GFlop/s     (221.5508 GFlop/s per process)    13%    1738.4 sec left
CG set 185 / 1394    221.5543 GFlop/s     (221.5543 GFlop/s per process)    13%    1737.0 sec left
CG set 186 / 1394    221.5543 GFlop/s     (221.5543 GFlop/s per process)    13%    1735.6 sec left
CG set 187 / 1394    221.5662 GFlop/s     (221.5662 GFlop/s per process)    13%    1734.2 sec left
CG set 188 / 1394    221.5560 GFlop/s     (221.5560 GFlop/s per process)    13%    1732.8 sec left
CG set 189 / 1394    221.5522 GFlop/s     (221.5522 GFlop/s per process)    13%    1731.3 sec left
CG set 190 / 1394    221.5498 GFlop/s     (221.5498 GFlop/s per process)    13%    1729.9 sec left
CG set 191 / 1394    221.5508 GFlop/s     (221.5508 GFlop/s per process)    13%    1728.5 sec left
CG set 192 / 1394    221.5512 GFlop/s     (221.5512 GFlop/s per process)    13%    1727.1 sec left
CG set 193 / 1394    221.5539 GFlop/s     (221.5539 GFlop/s per process)    13%    1725.6 sec left
CG set 194 / 1394    221.5534 GFlop/s     (221.5534 GFlop/s per process)    13%    1724.2 sec left
CG set 195 / 1394    221.5514 GFlop/s     (221.5514 GFlop/s per process)    13%    1722.8 sec left
CG set 196 / 1394    221.5519 GFlop/s     (221.5519 GFlop/s per process)    14%    1721.4 sec left
CG set 197 / 1394    221.5504 GFlop/s     (221.5504 GFlop/s per process)    14%    1720.0 sec left
CG set 198 / 1394    221.5616 GFlop/s     (221.5616 GFlop/s per process)    14%    1718.5 sec left
CG set 199 / 1394    221.5566 GFlop/s     (221.5566 GFlop/s per process)    14%    1717.1 sec left
CG set 200 / 1394    221.5509 GFlop/s     (221.5509 GFlop/s per process)    14%    1715.7 sec left
CG set 201 / 1394    221.5480 GFlop/s     (221.5480 GFlop/s per process)    14%    1714.3 sec left
CG set 202 / 1394    221.5483 GFlop/s     (221.5483 GFlop/s per process)    14%    1712.8 sec left
CG set 203 / 1394    221.5403 GFlop/s     (221.5403 GFlop/s per process)    14%    1711.4 sec left
CG set 204 / 1394    221.5432 GFlop/s     (221.5432 GFlop/s per process)    14%    1710.0 sec left
CG set 205 / 1394    221.5474 GFlop/s     (221.5474 GFlop/s per process)    14%    1708.6 sec left
CG set 206 / 1394    221.5478 GFlop/s     (221.5478 GFlop/s per process)    14%    1707.2 sec left
CG set 207 / 1394    221.5483 GFlop/s     (221.5483 GFlop/s per process)    14%    1705.7 sec left
CG set 208 / 1394    221.5486 GFlop/s     (221.5486 GFlop/s per process)    14%    1704.3 sec left
CG set 209 / 1394    221.5516 GFlop/s     (221.5516 GFlop/s per process)    14%    1702.9 sec left
CG set 210 / 1394    221.5622 GFlop/s     (221.5622 GFlop/s per process)    15%    1701.5 sec left
CG set 211 / 1394    221.5581 GFlop/s     (221.5581 GFlop/s per process)    15%    1700.1 sec left
CG set 212 / 1394    221.5528 GFlop/s     (221.5528 GFlop/s per process)    15%    1698.6 sec left
CG set 213 / 1394    221.5529 GFlop/s     (221.5529 GFlop/s per process)    15%    1697.2 sec left
CG set 214 / 1394    221.5455 GFlop/s     (221.5455 GFlop/s per process)    15%    1695.8 sec left
CG set 215 / 1394    221.5452 GFlop/s     (221.5452 GFlop/s per process)    15%    1694.4 sec left
CG set 216 / 1394    221.5485 GFlop/s     (221.5485 GFlop/s per process)    15%    1692.9 sec left
CG set 217 / 1394    221.5491 GFlop/s     (221.5491 GFlop/s per process)    15%    1691.5 sec left
CG set 218 / 1394    221.5519 GFlop/s     (221.5519 GFlop/s per process)    15%    1690.1 sec left
CG set 219 / 1394    221.5580 GFlop/s     (221.5580 GFlop/s per process)    15%    1688.7 sec left
CG set 220 / 1394    221.5583 GFlop/s     (221.5583 GFlop/s per process)    15%    1687.3 sec left
CG set 221 / 1394    221.5594 GFlop/s     (221.5594 GFlop/s per process)    15%    1685.9 sec left
CG set 222 / 1394    221.5606 GFlop/s     (221.5606 GFlop/s per process)    15%    1684.4 sec left
CG set 223 / 1394    221.5565 GFlop/s     (221.5565 GFlop/s per process)    15%    1683.0 sec left
CG set 224 / 1394    221.5461 GFlop/s     (221.5461 GFlop/s per process)    16%    1681.6 sec left
CG set 225 / 1394    221.5518 GFlop/s     (221.5518 GFlop/s per process)    16%    1680.2 sec left
CG set 226 / 1394    221.5521 GFlop/s     (221.5521 GFlop/s per process)    16%    1678.7 sec left
CG set 227 / 1394    221.5502 GFlop/s     (221.5502 GFlop/s per process)    16%    1677.3 sec left
CG set 228 / 1394    221.5499 GFlop/s     (221.5499 GFlop/s per process)    16%    1675.9 sec left
CG set 229 / 1394    221.5560 GFlop/s     (221.5560 GFlop/s per process)    16%    1674.5 sec left
CG set 230 / 1394    221.5563 GFlop/s     (221.5563 GFlop/s per process)    16%    1673.1 sec left
CG set 231 / 1394    221.5486 GFlop/s     (221.5486 GFlop/s per process)    16%    1671.6 sec left
CG set 232 / 1394    221.5543 GFlop/s     (221.5543 GFlop/s per process)    16%    1670.2 sec left
CG set 233 / 1394    221.5637 GFlop/s     (221.5637 GFlop/s per process)    16%    1668.8 sec left
CG set 234 / 1394    221.5600 GFlop/s     (221.5600 GFlop/s per process)    16%    1667.4 sec left
CG set 235 / 1394    221.5650 GFlop/s     (221.5650 GFlop/s per process)    16%    1666.0 sec left
CG set 236 / 1394    221.5680 GFlop/s     (221.5680 GFlop/s per process)    16%    1664.5 sec left
CG set 237 / 1394    221.5682 GFlop/s     (221.5682 GFlop/s per process)    17%    1663.1 sec left
CG set 238 / 1394    221.5736 GFlop/s     (221.5736 GFlop/s per process)    17%    1661.7 sec left
CG set 239 / 1394    221.5741 GFlop/s     (221.5741 GFlop/s per process)    17%    1660.3 sec left
CG set 240 / 1394    221.5668 GFlop/s     (221.5668 GFlop/s per process)    17%    1658.9 sec left
CG set 241 / 1394    221.5692 GFlop/s     (221.5692 GFlop/s per process)    17%    1657.4 sec left
CG set 242 / 1394    221.5746 GFlop/s     (221.5746 GFlop/s per process)    17%    1656.0 sec left
CG set 243 / 1394    221.5750 GFlop/s     (221.5750 GFlop/s per process)    17%    1654.6 sec left
CG set 244 / 1394    221.5758 GFlop/s     (221.5758 GFlop/s per process)    17%    1653.2 sec left
CG set 245 / 1394    221.5789 GFlop/s     (221.5789 GFlop/s per process)    17%    1651.8 sec left
CG set 246 / 1394    221.5804 GFlop/s     (221.5804 GFlop/s per process)    17%    1650.3 sec left
CG set 247 / 1394    221.5827 GFlop/s     (221.5827 GFlop/s per process)    17%    1648.9 sec left
CG set 248 / 1394    221.5827 GFlop/s     (221.5827 GFlop/s per process)    17%    1647.5 sec left
CG set 249 / 1394    221.5881 GFlop/s     (221.5881 GFlop/s per process)    17%    1646.1 sec left
CG set 250 / 1394    221.5880 GFlop/s     (221.5880 GFlop/s per process)    17%    1644.7 sec left
CG set 251 / 1394    221.5812 GFlop/s     (221.5812 GFlop/s per process)    18%    1643.2 sec left
CG set 252 / 1394    221.5862 GFlop/s     (221.5862 GFlop/s per process)    18%    1641.8 sec left
CG set 253 / 1394    221.5794 GFlop/s     (221.5794 GFlop/s per process)    18%    1640.4 sec left
CG set 254 / 1394    221.5795 GFlop/s     (221.5795 GFlop/s per process)    18%    1639.0 sec left
CG set 255 / 1394    221.5788 GFlop/s     (221.5788 GFlop/s per process)    18%    1637.6 sec left
CG set 256 / 1394    221.5873 GFlop/s     (221.5873 GFlop/s per process)    18%    1636.1 sec left
CG set 257 / 1394    221.5800 GFlop/s     (221.5800 GFlop/s per process)    18%    1634.7 sec left
CG set 258 / 1394    221.5778 GFlop/s     (221.5778 GFlop/s per process)    18%    1633.3 sec left
CG set 259 / 1394    221.5828 GFlop/s     (221.5828 GFlop/s per process)    18%    1631.9 sec left
CG set 260 / 1394    221.5830 GFlop/s     (221.5830 GFlop/s per process)    18%    1630.5 sec left
CG set 261 / 1394    221.5770 GFlop/s     (221.5770 GFlop/s per process)    18%    1629.0 sec left
CG set 262 / 1394    221.5772 GFlop/s     (221.5772 GFlop/s per process)    18%    1627.6 sec left
CG set 263 / 1394    221.5765 GFlop/s     (221.5765 GFlop/s per process)    18%    1626.2 sec left
CG set 264 / 1394    221.5765 GFlop/s     (221.5765 GFlop/s per process)    18%    1624.8 sec left
CG set 265 / 1394    221.5815 GFlop/s     (221.5815 GFlop/s per process)    19%    1623.3 sec left
CG set 266 / 1394    221.5817 GFlop/s     (221.5817 GFlop/s per process)    19%    1621.9 sec left
CG set 267 / 1394    221.5824 GFlop/s     (221.5824 GFlop/s per process)    19%    1620.5 sec left
CG set 268 / 1394    221.5852 GFlop/s     (221.5852 GFlop/s per process)    19%    1619.1 sec left
CG set 269 / 1394    221.5862 GFlop/s     (221.5862 GFlop/s per process)    19%    1617.7 sec left
CG set 270 / 1394    221.5912 GFlop/s     (221.5912 GFlop/s per process)    19%    1616.3 sec left
CG set 271 / 1394    221.5911 GFlop/s     (221.5911 GFlop/s per process)    19%    1614.8 sec left
CG set 272 / 1394    221.5849 GFlop/s     (221.5849 GFlop/s per process)    19%    1613.4 sec left
CG set 273 / 1394    221.5893 GFlop/s     (221.5893 GFlop/s per process)    19%    1612.0 sec left
CG set 274 / 1394    221.5847 GFlop/s     (221.5847 GFlop/s per process)    19%    1610.6 sec left
CG set 275 / 1394    221.5804 GFlop/s     (221.5804 GFlop/s per process)    19%    1609.1 sec left
CG set 276 / 1394    221.5806 GFlop/s     (221.5806 GFlop/s per process)    19%    1607.7 sec left
CG set 277 / 1394    221.5745 GFlop/s     (221.5745 GFlop/s per process)    19%    1606.3 sec left
CG set 278 / 1394    221.5768 GFlop/s     (221.5768 GFlop/s per process)    19%    1604.9 sec left
CG set 279 / 1394    221.5845 GFlop/s     (221.5845 GFlop/s per process)    20%    1603.4 sec left
CG set 280 / 1394    221.5814 GFlop/s     (221.5814 GFlop/s per process)    20%    1602.0 sec left
CG set 281 / 1394    221.5772 GFlop/s     (221.5772 GFlop/s per process)    20%    1600.6 sec left
CG set 282 / 1394    221.5775 GFlop/s     (221.5775 GFlop/s per process)    20%    1599.2 sec left
CG set 283 / 1394    221.5716 GFlop/s     (221.5716 GFlop/s per process)    20%    1597.7 sec left
CG set 284 / 1394    221.5737 GFlop/s     (221.5737 GFlop/s per process)    20%    1596.3 sec left
CG set 285 / 1394    221.5744 GFlop/s     (221.5744 GFlop/s per process)    20%    1594.9 sec left
CG set 286 / 1394    221.5740 GFlop/s     (221.5740 GFlop/s per process)    20%    1593.5 sec left
CG set 287 / 1394    221.5784 GFlop/s     (221.5784 GFlop/s per process)    20%    1592.1 sec left
CG set 288 / 1394    221.5786 GFlop/s     (221.5786 GFlop/s per process)    20%    1590.6 sec left
CG set 289 / 1394    221.5728 GFlop/s     (221.5728 GFlop/s per process)    20%    1589.2 sec left
CG set 290 / 1394    221.5774 GFlop/s     (221.5774 GFlop/s per process)    20%    1587.8 sec left
CG set 291 / 1394    221.5799 GFlop/s     (221.5799 GFlop/s per process)    20%    1586.4 sec left
CG set 292 / 1394    221.5733 GFlop/s     (221.5733 GFlop/s per process)    20%    1585.0 sec left
CG set 293 / 1394    221.5714 GFlop/s     (221.5714 GFlop/s per process)    21%    1583.5 sec left
CG set 294 / 1394    221.5657 GFlop/s     (221.5657 GFlop/s per process)    21%    1582.1 sec left
CG set 295 / 1394    221.5674 GFlop/s     (221.5674 GFlop/s per process)    21%    1580.7 sec left
CG set 296 / 1394    221.5620 GFlop/s     (221.5620 GFlop/s per process)    21%    1579.2 sec left
CG set 297 / 1394    221.5653 GFlop/s     (221.5653 GFlop/s per process)    21%    1577.8 sec left
CG set 298 / 1394    221.5644 GFlop/s     (221.5644 GFlop/s per process)    21%    1576.4 sec left
CG set 299 / 1394    221.5643 GFlop/s     (221.5643 GFlop/s per process)    21%    1575.0 sec left
CG set 300 / 1394    221.5678 GFlop/s     (221.5678 GFlop/s per process)    21%    1573.6 sec left
CG set 301 / 1394    221.5677 GFlop/s     (221.5677 GFlop/s per process)    21%    1572.1 sec left
CG set 302 / 1394    221.5747 GFlop/s     (221.5747 GFlop/s per process)    21%    1570.7 sec left
CG set 303 / 1394    221.5689 GFlop/s     (221.5689 GFlop/s per process)    21%    1569.3 sec left
CG set 304 / 1394    221.5653 GFlop/s     (221.5653 GFlop/s per process)    21%    1567.9 sec left
CG set 305 / 1394    221.5636 GFlop/s     (221.5636 GFlop/s per process)    21%    1566.5 sec left
CG set 306 / 1394    221.5576 GFlop/s     (221.5576 GFlop/s per process)    21%    1565.0 sec left
CG set 307 / 1394    221.5578 GFlop/s     (221.5578 GFlop/s per process)    22%    1563.6 sec left
CG set 308 / 1394    221.5620 GFlop/s     (221.5620 GFlop/s per process)    22%    1562.2 sec left
CG set 309 / 1394    221.5624 GFlop/s     (221.5624 GFlop/s per process)    22%    1560.8 sec left
CG set 310 / 1394    221.5626 GFlop/s     (221.5626 GFlop/s per process)    22%    1559.3 sec left
CG set 311 / 1394    221.5608 GFlop/s     (221.5608 GFlop/s per process)    22%    1557.9 sec left
CG set 312 / 1394    221.5591 GFlop/s     (221.5591 GFlop/s per process)    22%    1556.5 sec left
CG set 313 / 1394    221.5574 GFlop/s     (221.5574 GFlop/s per process)    22%    1555.1 sec left
CG set 314 / 1394    221.5643 GFlop/s     (221.5643 GFlop/s per process)    22%    1553.7 sec left
CG set 315 / 1394    221.5652 GFlop/s     (221.5652 GFlop/s per process)    22%    1552.2 sec left
CG set 316 / 1394    221.5654 GFlop/s     (221.5654 GFlop/s per process)    22%    1550.8 sec left
CG set 317 / 1394    221.5594 GFlop/s     (221.5594 GFlop/s per process)    22%    1549.4 sec left
CG set 318 / 1394    221.5592 GFlop/s     (221.5592 GFlop/s per process)    22%    1548.0 sec left
CG set 319 / 1394    221.5586 GFlop/s     (221.5586 GFlop/s per process)    22%    1546.5 sec left
CG set 320 / 1394    221.5588 GFlop/s     (221.5588 GFlop/s per process)    22%    1545.1 sec left
CG set 321 / 1394    221.5590 GFlop/s     (221.5590 GFlop/s per process)    23%    1543.7 sec left
CG set 322 / 1394    221.5608 GFlop/s     (221.5608 GFlop/s per process)    23%    1542.3 sec left
CG set 323 / 1394    221.5650 GFlop/s     (221.5650 GFlop/s per process)    23%    1540.9 sec left
CG set 324 / 1394    221.5652 GFlop/s     (221.5652 GFlop/s per process)    23%    1539.4 sec left
CG set 325 / 1394    221.5715 GFlop/s     (221.5715 GFlop/s per process)    23%    1538.0 sec left
CG set 326 / 1394    221.5691 GFlop/s     (221.5691 GFlop/s per process)    23%    1536.6 sec left
CG set 327 / 1394    221.5734 GFlop/s     (221.5734 GFlop/s per process)    23%    1535.2 sec left
CG set 328 / 1394    221.5732 GFlop/s     (221.5732 GFlop/s per process)    23%    1533.8 sec left
CG set 329 / 1394    221.5736 GFlop/s     (221.5736 GFlop/s per process)    23%    1532.4 sec left
CG set 330 / 1394    221.5753 GFlop/s     (221.5753 GFlop/s per process)    23%    1530.9 sec left
CG set 331 / 1394    221.5759 GFlop/s     (221.5759 GFlop/s per process)    23%    1529.5 sec left
CG set 332 / 1394    221.5763 GFlop/s     (221.5763 GFlop/s per process)    23%    1528.1 sec left
CG set 333 / 1394    221.5743 GFlop/s     (221.5743 GFlop/s per process)    23%    1526.7 sec left
CG set 334 / 1394    221.5778 GFlop/s     (221.5778 GFlop/s per process)    23%    1525.3 sec left
CG set 335 / 1394    221.5780 GFlop/s     (221.5780 GFlop/s per process)    24%    1523.8 sec left
CG set 336 / 1394    221.5786 GFlop/s     (221.5786 GFlop/s per process)    24%    1522.4 sec left
CG set 337 / 1394    221.5805 GFlop/s     (221.5805 GFlop/s per process)    24%    1521.0 sec left
CG set 338 / 1394    221.5807 GFlop/s     (221.5807 GFlop/s per process)    24%    1519.6 sec left
CG set 339 / 1394    221.5800 GFlop/s     (221.5800 GFlop/s per process)    24%    1518.2 sec left
CG set 340 / 1394    221.5796 GFlop/s     (221.5796 GFlop/s per process)    24%    1516.7 sec left
CG set 341 / 1394    221.5795 GFlop/s     (221.5795 GFlop/s per process)    24%    1515.3 sec left
CG set 342 / 1394    221.5790 GFlop/s     (221.5790 GFlop/s per process)    24%    1513.9 sec left
CG set 343 / 1394    221.5790 GFlop/s     (221.5790 GFlop/s per process)    24%    1512.5 sec left
CG set 344 / 1394    221.5753 GFlop/s     (221.5753 GFlop/s per process)    24%    1511.0 sec left
CG set 345 / 1394    221.5687 GFlop/s     (221.5687 GFlop/s per process)    24%    1509.6 sec left
CG set 346 / 1394    221.5667 GFlop/s     (221.5667 GFlop/s per process)    24%    1508.2 sec left
CG set 347 / 1394    221.5621 GFlop/s     (221.5621 GFlop/s per process)    24%    1506.7 sec left
CG set 348 / 1394    221.5682 GFlop/s     (221.5682 GFlop/s per process)    24%    1505.3 sec left
CG set 349 / 1394    221.5655 GFlop/s     (221.5655 GFlop/s per process)    25%    1503.9 sec left
CG set 350 / 1394    221.5630 GFlop/s     (221.5630 GFlop/s per process)    25%    1502.5 sec left
CG set 351 / 1394    221.5576 GFlop/s     (221.5576 GFlop/s per process)    25%    1501.1 sec left
CG set 352 / 1394    221.5575 GFlop/s     (221.5575 GFlop/s per process)    25%    1499.6 sec left
CG set 353 / 1394    221.5611 GFlop/s     (221.5611 GFlop/s per process)    25%    1498.2 sec left
CG set 354 / 1394    221.5564 GFlop/s     (221.5564 GFlop/s per process)    25%    1496.8 sec left
CG set 355 / 1394    221.5564 GFlop/s     (221.5564 GFlop/s per process)    25%    1495.4 sec left
CG set 356 / 1394    221.5600 GFlop/s     (221.5600 GFlop/s per process)    25%    1494.0 sec left
CG set 357 / 1394    221.5601 GFlop/s     (221.5601 GFlop/s per process)    25%    1492.5 sec left
CG set 358 / 1394    221.5553 GFlop/s     (221.5553 GFlop/s per process)    25%    1491.1 sec left
CG set 359 / 1394    221.5593 GFlop/s     (221.5593 GFlop/s per process)    25%    1489.7 sec left
CG set 360 / 1394    221.5614 GFlop/s     (221.5614 GFlop/s per process)    25%    1488.3 sec left
CG set 361 / 1394    221.5582 GFlop/s     (221.5582 GFlop/s per process)    25%    1486.8 sec left
CG set 362 / 1394    221.5560 GFlop/s     (221.5560 GFlop/s per process)    25%    1485.4 sec left
CG set 363 / 1394    221.5528 GFlop/s     (221.5528 GFlop/s per process)    26%    1484.0 sec left
CG set 364 / 1394    221.5550 GFlop/s     (221.5550 GFlop/s per process)    26%    1482.6 sec left
CG set 365 / 1394    221.5588 GFlop/s     (221.5588 GFlop/s per process)    26%    1481.2 sec left
CG set 366 / 1394    221.5595 GFlop/s     (221.5595 GFlop/s per process)    26%    1479.7 sec left
CG set 367 / 1394    221.5593 GFlop/s     (221.5593 GFlop/s per process)    26%    1478.3 sec left
CG set 368 / 1394    221.5596 GFlop/s     (221.5596 GFlop/s per process)    26%    1476.9 sec left
CG set 369 / 1394    221.5599 GFlop/s     (221.5599 GFlop/s per process)    26%    1475.5 sec left
CG set 370 / 1394    221.5604 GFlop/s     (221.5604 GFlop/s per process)    26%    1474.1 sec left
CG set 371 / 1394    221.5663 GFlop/s     (221.5663 GFlop/s per process)    26%    1472.6 sec left
CG set 372 / 1394    221.5617 GFlop/s     (221.5617 GFlop/s per process)    26%    1471.2 sec left
CG set 373 / 1394    221.5617 GFlop/s     (221.5617 GFlop/s per process)    26%    1469.8 sec left
CG set 374 / 1394    221.5601 GFlop/s     (221.5601 GFlop/s per process)    26%    1468.4 sec left
CG set 375 / 1394    221.5605 GFlop/s     (221.5605 GFlop/s per process)    26%    1466.9 sec left
CG set 376 / 1394    221.5604 GFlop/s     (221.5604 GFlop/s per process)    26%    1465.5 sec left
CG set 377 / 1394    221.5612 GFlop/s     (221.5612 GFlop/s per process)    27%    1464.1 sec left
CG set 378 / 1394    221.5616 GFlop/s     (221.5616 GFlop/s per process)    27%    1462.7 sec left
CG set 379 / 1394    221.5616 GFlop/s     (221.5616 GFlop/s per process)    27%    1461.3 sec left
CG set 380 / 1394    221.5648 GFlop/s     (221.5648 GFlop/s per process)    27%    1459.8 sec left
CG set 381 / 1394    221.5653 GFlop/s     (221.5653 GFlop/s per process)    27%    1458.4 sec left
CG set 382 / 1394    221.5657 GFlop/s     (221.5657 GFlop/s per process)    27%    1457.0 sec left
CG set 383 / 1394    221.5717 GFlop/s     (221.5717 GFlop/s per process)    27%    1455.6 sec left
CG set 384 / 1394    221.5685 GFlop/s     (221.5685 GFlop/s per process)    27%    1454.2 sec left
CG set 385 / 1394    221.5641 GFlop/s     (221.5641 GFlop/s per process)    27%    1452.7 sec left
CG set 386 / 1394    221.5626 GFlop/s     (221.5626 GFlop/s per process)    27%    1451.3 sec left
CG set 387 / 1394    221.5634 GFlop/s     (221.5634 GFlop/s per process)    27%    1449.9 sec left
CG set 388 / 1394    221.5660 GFlop/s     (221.5660 GFlop/s per process)    27%    1448.5 sec left
CG set 389 / 1394    221.5661 GFlop/s     (221.5661 GFlop/s per process)    27%    1447.1 sec left
CG set 390 / 1394    221.5663 GFlop/s     (221.5663 GFlop/s per process)    27%    1445.6 sec left
CG set 391 / 1394    221.5621 GFlop/s     (221.5621 GFlop/s per process)    28%    1444.2 sec left
CG set 392 / 1394    221.5649 GFlop/s     (221.5649 GFlop/s per process)    28%    1442.8 sec left
CG set 393 / 1394    221.5684 GFlop/s     (221.5684 GFlop/s per process)    28%    1441.4 sec left
CG set 394 / 1394    221.5739 GFlop/s     (221.5739 GFlop/s per process)    28%    1440.0 sec left
CG set 395 / 1394    221.5717 GFlop/s     (221.5717 GFlop/s per process)    28%    1438.5 sec left
CG set 396 / 1394    221.5751 GFlop/s     (221.5751 GFlop/s per process)    28%    1437.1 sec left
CG set 397 / 1394    221.5749 GFlop/s     (221.5749 GFlop/s per process)    28%    1435.7 sec left
CG set 398 / 1394    221.5782 GFlop/s     (221.5782 GFlop/s per process)    28%    1434.3 sec left
CG set 399 / 1394    221.5743 GFlop/s     (221.5743 GFlop/s per process)    28%    1432.9 sec left
CG set 400 / 1394    221.5754 GFlop/s     (221.5754 GFlop/s per process)    28%    1431.4 sec left
CG set 401 / 1394    221.5755 GFlop/s     (221.5755 GFlop/s per process)    28%    1430.0 sec left
CG set 402 / 1394    221.5760 GFlop/s     (221.5760 GFlop/s per process)    28%    1428.6 sec left
CG set 403 / 1394    221.5788 GFlop/s     (221.5788 GFlop/s per process)    28%    1427.2 sec left
CG set 404 / 1394    221.5793 GFlop/s     (221.5793 GFlop/s per process)    28%    1425.8 sec left
CG set 405 / 1394    221.5807 GFlop/s     (221.5807 GFlop/s per process)    29%    1424.4 sec left
CG set 406 / 1394    221.5860 GFlop/s     (221.5860 GFlop/s per process)    29%    1422.9 sec left
CG set 407 / 1394    221.5839 GFlop/s     (221.5839 GFlop/s per process)    29%    1421.5 sec left
CG set 408 / 1394    221.5796 GFlop/s     (221.5796 GFlop/s per process)    29%    1420.1 sec left
CG set 409 / 1394    221.5795 GFlop/s     (221.5795 GFlop/s per process)    29%    1418.7 sec left
CG set 410 / 1394    221.5827 GFlop/s     (221.5827 GFlop/s per process)    29%    1417.3 sec left
CG set 411 / 1394    221.5765 GFlop/s     (221.5765 GFlop/s per process)    29%    1415.8 sec left
CG set 412 / 1394    221.5774 GFlop/s     (221.5774 GFlop/s per process)    29%    1414.4 sec left
CG set 413 / 1394    221.5770 GFlop/s     (221.5770 GFlop/s per process)    29%    1413.0 sec left
CG set 414 / 1394    221.5784 GFlop/s     (221.5784 GFlop/s per process)    29%    1411.6 sec left
CG set 415 / 1394    221.5788 GFlop/s     (221.5788 GFlop/s per process)    29%    1410.1 sec left
CG set 416 / 1394    221.5801 GFlop/s     (221.5801 GFlop/s per process)    29%    1408.7 sec left
CG set 417 / 1394    221.5853 GFlop/s     (221.5853 GFlop/s per process)    29%    1407.3 sec left
CG set 418 / 1394    221.5834 GFlop/s     (221.5834 GFlop/s per process)    29%    1405.9 sec left
CG set 419 / 1394    221.5859 GFlop/s     (221.5859 GFlop/s per process)    30%    1404.5 sec left
CG set 420 / 1394    221.5861 GFlop/s     (221.5861 GFlop/s per process)    30%    1403.0 sec left
CG set 421 / 1394    221.5823 GFlop/s     (221.5823 GFlop/s per process)    30%    1401.6 sec left
CG set 422 / 1394    221.5819 GFlop/s     (221.5819 GFlop/s per process)    30%    1400.2 sec left
CG set 423 / 1394    221.5819 GFlop/s     (221.5819 GFlop/s per process)    30%    1398.8 sec left
CG set 424 / 1394    221.5817 GFlop/s     (221.5817 GFlop/s per process)    30%    1397.3 sec left
CG set 425 / 1394    221.5817 GFlop/s     (221.5817 GFlop/s per process)    30%    1395.9 sec left
CG set 426 / 1394    221.5826 GFlop/s     (221.5826 GFlop/s per process)    30%    1394.5 sec left
CG set 427 / 1394    221.5827 GFlop/s     (221.5827 GFlop/s per process)    30%    1393.1 sec left
CG set 428 / 1394    221.5860 GFlop/s     (221.5860 GFlop/s per process)    30%    1391.7 sec left
CG set 429 / 1394    221.5877 GFlop/s     (221.5877 GFlop/s per process)    30%    1390.3 sec left
CG set 430 / 1394    221.5844 GFlop/s     (221.5844 GFlop/s per process)    30%    1388.8 sec left
CG set 431 / 1394    221.5831 GFlop/s     (221.5831 GFlop/s per process)    30%    1387.4 sec left
CG set 432 / 1394    221.5792 GFlop/s     (221.5792 GFlop/s per process)    30%    1386.0 sec left
CG set 433 / 1394    221.5792 GFlop/s     (221.5792 GFlop/s per process)    31%    1384.6 sec left
CG set 434 / 1394    221.5820 GFlop/s     (221.5820 GFlop/s per process)    31%    1383.1 sec left
CG set 435 / 1394    221.5782 GFlop/s     (221.5782 GFlop/s per process)    31%    1381.7 sec left
CG set 436 / 1394    221.5793 GFlop/s     (221.5793 GFlop/s per process)    31%    1380.3 sec left
CG set 437 / 1394    221.5823 GFlop/s     (221.5823 GFlop/s per process)    31%    1378.9 sec left
CG set 438 / 1394    221.5825 GFlop/s     (221.5825 GFlop/s per process)    31%    1377.5 sec left
CG set 439 / 1394    221.5826 GFlop/s     (221.5826 GFlop/s per process)    31%    1376.0 sec left
CG set 440 / 1394    221.5874 GFlop/s     (221.5874 GFlop/s per process)    31%    1374.6 sec left
CG set 441 / 1394    221.5855 GFlop/s     (221.5855 GFlop/s per process)    31%    1373.2 sec left
CG set 442 / 1394    221.5880 GFlop/s     (221.5880 GFlop/s per process)    31%    1371.8 sec left
CG set 443 / 1394    221.5887 GFlop/s     (221.5887 GFlop/s per process)    31%    1370.4 sec left
CG set 444 / 1394    221.5897 GFlop/s     (221.5897 GFlop/s per process)    31%    1368.9 sec left
CG set 445 / 1394    221.5891 GFlop/s     (221.5891 GFlop/s per process)    31%    1367.5 sec left
CG set 446 / 1394    221.5899 GFlop/s     (221.5899 GFlop/s per process)    31%    1366.1 sec left
CG set 447 / 1394    221.5900 GFlop/s     (221.5900 GFlop/s per process)    32%    1364.7 sec left
CG set 448 / 1394    221.5910 GFlop/s     (221.5910 GFlop/s per process)    32%    1363.3 sec left
CG set 449 / 1394    221.5917 GFlop/s     (221.5917 GFlop/s per process)    32%    1361.8 sec left
CG set 450 / 1394    221.5878 GFlop/s     (221.5878 GFlop/s per process)    32%    1360.4 sec left
CG set 451 / 1394    221.5908 GFlop/s     (221.5908 GFlop/s per process)    32%    1359.0 sec left
CG set 452 / 1394    221.5922 GFlop/s     (221.5922 GFlop/s per process)    32%    1357.6 sec left
CG set 453 / 1394    221.5880 GFlop/s     (221.5880 GFlop/s per process)    32%    1356.1 sec left
CG set 454 / 1394    221.5867 GFlop/s     (221.5867 GFlop/s per process)    32%    1354.7 sec left
CG set 455 / 1394    221.5830 GFlop/s     (221.5830 GFlop/s per process)    32%    1353.3 sec left
CG set 456 / 1394    221.5827 GFlop/s     (221.5827 GFlop/s per process)    32%    1351.9 sec left
CG set 457 / 1394    221.5855 GFlop/s     (221.5855 GFlop/s per process)    32%    1350.5 sec left
CG set 458 / 1394    221.5857 GFlop/s     (221.5857 GFlop/s per process)    32%    1349.0 sec left
CG set 459 / 1394    221.5858 GFlop/s     (221.5858 GFlop/s per process)    32%    1347.6 sec left
CG set 460 / 1394    221.5818 GFlop/s     (221.5818 GFlop/s per process)    32%    1346.2 sec left
CG set 461 / 1394    221.5847 GFlop/s     (221.5847 GFlop/s per process)    33%    1344.8 sec left
CG set 462 / 1394    221.5848 GFlop/s     (221.5848 GFlop/s per process)    33%    1343.3 sec left
CG set 463 / 1394    221.5896 GFlop/s     (221.5896 GFlop/s per process)    33%    1341.9 sec left
CG set 464 / 1394    221.5877 GFlop/s     (221.5877 GFlop/s per process)    33%    1340.5 sec left
CG set 465 / 1394    221.5903 GFlop/s     (221.5903 GFlop/s per process)    33%    1339.1 sec left
CG set 466 / 1394    221.5915 GFlop/s     (221.5915 GFlop/s per process)    33%    1337.7 sec left
CG set 467 / 1394    221.5928 GFlop/s     (221.5928 GFlop/s per process)    33%    1336.3 sec left
CG set 468 / 1394    221.5926 GFlop/s     (221.5926 GFlop/s per process)    33%    1334.8 sec left
CG set 469 / 1394    221.5922 GFlop/s     (221.5922 GFlop/s per process)    33%    1333.4 sec left
CG set 470 / 1394    221.5933 GFlop/s     (221.5933 GFlop/s per process)    33%    1332.0 sec left
CG set 471 / 1394    221.5934 GFlop/s     (221.5934 GFlop/s per process)    33%    1330.6 sec left
CG set 472 / 1394    221.5959 GFlop/s     (221.5959 GFlop/s per process)    33%    1329.2 sec left
CG set 473 / 1394    221.5940 GFlop/s     (221.5940 GFlop/s per process)    33%    1327.7 sec left
CG set 474 / 1394    221.5977 GFlop/s     (221.5977 GFlop/s per process)    34%    1326.3 sec left
CG set 475 / 1394    221.5981 GFlop/s     (221.5981 GFlop/s per process)    34%    1324.9 sec left
CG set 476 / 1394    221.5962 GFlop/s     (221.5962 GFlop/s per process)    34%    1323.5 sec left
CG set 477 / 1394    221.5937 GFlop/s     (221.5937 GFlop/s per process)    34%    1322.1 sec left
CG set 478 / 1394    221.5925 GFlop/s     (221.5925 GFlop/s per process)    34%    1320.6 sec left
CG set 479 / 1394    221.5888 GFlop/s     (221.5888 GFlop/s per process)    34%    1319.2 sec left
CG set 480 / 1394    221.5862 GFlop/s     (221.5862 GFlop/s per process)    34%    1317.8 sec left
CG set 481 / 1394    221.5836 GFlop/s     (221.5836 GFlop/s per process)    34%    1316.3 sec left
CG set 482 / 1394    221.5849 GFlop/s     (221.5849 GFlop/s per process)    34%    1314.9 sec left
CG set 483 / 1394    221.5875 GFlop/s     (221.5875 GFlop/s per process)    34%    1313.5 sec left
CG set 484 / 1394    221.5840 GFlop/s     (221.5840 GFlop/s per process)    34%    1312.1 sec left
CG set 485 / 1394    221.5841 GFlop/s     (221.5841 GFlop/s per process)    34%    1310.7 sec left
CG set 486 / 1394    221.5884 GFlop/s     (221.5884 GFlop/s per process)    34%    1309.2 sec left
CG set 487 / 1394    221.5865 GFlop/s     (221.5865 GFlop/s per process)    34%    1307.8 sec left
CG set 488 / 1394    221.5842 GFlop/s     (221.5842 GFlop/s per process)    35%    1306.4 sec left
CG set 489 / 1394    221.5842 GFlop/s     (221.5842 GFlop/s per process)    35%    1305.0 sec left
CG set 490 / 1394    221.5834 GFlop/s     (221.5834 GFlop/s per process)    35%    1303.5 sec left
CG set 491 / 1394    221.5844 GFlop/s     (221.5844 GFlop/s per process)    35%    1302.1 sec left
CG set 492 / 1394    221.5871 GFlop/s     (221.5871 GFlop/s per process)    35%    1300.7 sec left
CG set 493 / 1394    221.5871 GFlop/s     (221.5871 GFlop/s per process)    35%    1299.3 sec left
CG set 494 / 1394    221.5840 GFlop/s     (221.5840 GFlop/s per process)    35%    1297.9 sec left
CG set 495 / 1394    221.5865 GFlop/s     (221.5865 GFlop/s per process)    35%    1296.4 sec left
CG set 496 / 1394    221.5864 GFlop/s     (221.5864 GFlop/s per process)    35%    1295.0 sec left
CG set 497 / 1394    221.5904 GFlop/s     (221.5904 GFlop/s per process)    35%    1293.6 sec left
CG set 498 / 1394    221.5907 GFlop/s     (221.5907 GFlop/s per process)    35%    1292.2 sec left
CG set 499 / 1394    221.5890 GFlop/s     (221.5890 GFlop/s per process)    35%    1290.8 sec left
CG set 500 / 1394    221.5866 GFlop/s     (221.5866 GFlop/s per process)    35%    1289.3 sec left
CG set 501 / 1394    221.5833 GFlop/s     (221.5833 GFlop/s per process)    35%    1287.9 sec left
CG set 502 / 1394    221.5834 GFlop/s     (221.5834 GFlop/s per process)    36%    1286.5 sec left
CG set 503 / 1394    221.5857 GFlop/s     (221.5857 GFlop/s per process)    36%    1285.1 sec left
CG set 504 / 1394    221.5857 GFlop/s     (221.5857 GFlop/s per process)    36%    1283.7 sec left
CG set 505 / 1394    221.5856 GFlop/s     (221.5856 GFlop/s per process)    36%    1282.2 sec left
CG set 506 / 1394    221.5839 GFlop/s     (221.5839 GFlop/s per process)    36%    1280.8 sec left
CG set 507 / 1394    221.5848 GFlop/s     (221.5848 GFlop/s per process)    36%    1279.4 sec left
CG set 508 / 1394    221.5874 GFlop/s     (221.5874 GFlop/s per process)    36%    1278.0 sec left
CG set 509 / 1394    221.5916 GFlop/s     (221.5916 GFlop/s per process)    36%    1276.6 sec left
CG set 510 / 1394    221.5901 GFlop/s     (221.5901 GFlop/s per process)    36%    1275.1 sec left
CG set 511 / 1394    221.5898 GFlop/s     (221.5898 GFlop/s per process)    36%    1273.7 sec left
CG set 512 / 1394    221.5923 GFlop/s     (221.5923 GFlop/s per process)    36%    1272.3 sec left
CG set 513 / 1394    221.5889 GFlop/s     (221.5889 GFlop/s per process)    36%    1270.9 sec left
CG set 514 / 1394    221.5888 GFlop/s     (221.5888 GFlop/s per process)    36%    1269.5 sec left
CG set 515 / 1394    221.5912 GFlop/s     (221.5912 GFlop/s per process)    36%    1268.0 sec left
CG set 516 / 1394    221.5914 GFlop/s     (221.5914 GFlop/s per process)    37%    1266.6 sec left
CG set 517 / 1394    221.5881 GFlop/s     (221.5881 GFlop/s per process)    37%    1265.2 sec left
CG set 518 / 1394    221.5903 GFlop/s     (221.5903 GFlop/s per process)    37%    1263.8 sec left
CG set 519 / 1394    221.5910 GFlop/s     (221.5910 GFlop/s per process)    37%    1262.4 sec left
CG set 520 / 1394    221.5944 GFlop/s     (221.5944 GFlop/s per process)    37%    1260.9 sec left
CG set 521 / 1394    221.5948 GFlop/s     (221.5948 GFlop/s per process)    37%    1259.5 sec left
CG set 522 / 1394    221.5931 GFlop/s     (221.5931 GFlop/s per process)    37%    1258.1 sec left
CG set 523 / 1394    221.5930 GFlop/s     (221.5930 GFlop/s per process)    37%    1256.7 sec left
CG set 524 / 1394    221.5900 GFlop/s     (221.5900 GFlop/s per process)    37%    1255.2 sec left
CG set 525 / 1394    221.5822 GFlop/s     (221.5822 GFlop/s per process)    37%    1253.8 sec left
CG set 526 / 1394    221.5814 GFlop/s     (221.5814 GFlop/s per process)    37%    1252.4 sec left
CG set 527 / 1394    221.5815 GFlop/s     (221.5815 GFlop/s per process)    37%    1251.0 sec left
CG set 528 / 1394    221.5809 GFlop/s     (221.5809 GFlop/s per process)    37%    1249.5 sec left
CG set 529 / 1394    221.5808 GFlop/s     (221.5808 GFlop/s per process)    37%    1248.1 sec left
CG set 530 / 1394    221.5807 GFlop/s     (221.5807 GFlop/s per process)    38%    1246.7 sec left
CG set 531 / 1394    221.5838 GFlop/s     (221.5838 GFlop/s per process)    38%    1245.3 sec left
CG set 532 / 1394    221.5843 GFlop/s     (221.5843 GFlop/s per process)    38%    1243.9 sec left
CG set 533 / 1394    221.5824 GFlop/s     (221.5824 GFlop/s per process)    38%    1242.4 sec left
CG set 534 / 1394    221.5804 GFlop/s     (221.5804 GFlop/s per process)    38%    1241.0 sec left
CG set 535 / 1394    221.5805 GFlop/s     (221.5805 GFlop/s per process)    38%    1239.6 sec left
CG set 536 / 1394    221.5773 GFlop/s     (221.5773 GFlop/s per process)    38%    1238.1 sec left
CG set 537 / 1394    221.5773 GFlop/s     (221.5773 GFlop/s per process)    38%    1236.7 sec left
CG set 538 / 1394    221.5796 GFlop/s     (221.5796 GFlop/s per process)    38%    1235.3 sec left
CG set 539 / 1394    221.5797 GFlop/s     (221.5797 GFlop/s per process)    38%    1233.9 sec left
CG set 540 / 1394    221.5787 GFlop/s     (221.5787 GFlop/s per process)    38%    1232.5 sec left
CG set 541 / 1394    221.5754 GFlop/s     (221.5754 GFlop/s per process)    38%    1231.0 sec left
CG set 542 / 1394    221.5778 GFlop/s     (221.5778 GFlop/s per process)    38%    1229.6 sec left
CG set 543 / 1394    221.5818 GFlop/s     (221.5818 GFlop/s per process)    38%    1228.2 sec left
CG set 544 / 1394    221.5832 GFlop/s     (221.5832 GFlop/s per process)    39%    1226.8 sec left
CG set 545 / 1394    221.5803 GFlop/s     (221.5803 GFlop/s per process)    39%    1225.4 sec left
CG set 546 / 1394    221.5802 GFlop/s     (221.5802 GFlop/s per process)    39%    1223.9 sec left
CG set 547 / 1394    221.5803 GFlop/s     (221.5803 GFlop/s per process)    39%    1222.5 sec left
CG set 548 / 1394    221.5804 GFlop/s     (221.5804 GFlop/s per process)    39%    1221.1 sec left
CG set 549 / 1394    221.5826 GFlop/s     (221.5826 GFlop/s per process)    39%    1219.7 sec left
CG set 550 / 1394    221.5828 GFlop/s     (221.5828 GFlop/s per process)    39%    1218.3 sec left
CG set 551 / 1394    221.5828 GFlop/s     (221.5828 GFlop/s per process)    39%    1216.8 sec left
CG set 552 / 1394    221.5799 GFlop/s     (221.5799 GFlop/s per process)    39%    1215.4 sec left
CG set 553 / 1394    221.5798 GFlop/s     (221.5798 GFlop/s per process)    39%    1214.0 sec left
CG set 554 / 1394    221.5834 GFlop/s     (221.5834 GFlop/s per process)    39%    1212.6 sec left
CG set 555 / 1394    221.5838 GFlop/s     (221.5838 GFlop/s per process)    39%    1211.2 sec left
CG set 556 / 1394    221.5822 GFlop/s     (221.5822 GFlop/s per process)    39%    1209.7 sec left
CG set 557 / 1394    221.5791 GFlop/s     (221.5791 GFlop/s per process)    39%    1208.3 sec left
CG set 558 / 1394    221.5783 GFlop/s     (221.5783 GFlop/s per process)    40%    1206.9 sec left
CG set 559 / 1394    221.5781 GFlop/s     (221.5781 GFlop/s per process)    40%    1205.5 sec left
CG set 560 / 1394    221.5784 GFlop/s     (221.5784 GFlop/s per process)    40%    1204.0 sec left
CG set 561 / 1394    221.5781 GFlop/s     (221.5781 GFlop/s per process)    40%    1202.6 sec left
CG set 562 / 1394    221.5806 GFlop/s     (221.5806 GFlop/s per process)    40%    1201.2 sec left
CG set 563 / 1394    221.5807 GFlop/s     (221.5807 GFlop/s per process)    40%    1199.8 sec left
CG set 564 / 1394    221.5797 GFlop/s     (221.5797 GFlop/s per process)    40%    1198.4 sec left
CG set 565 / 1394    221.5787 GFlop/s     (221.5787 GFlop/s per process)    40%    1196.9 sec left
CG set 566 / 1394    221.5824 GFlop/s     (221.5824 GFlop/s per process)    40%    1195.5 sec left
CG set 567 / 1394    221.5830 GFlop/s     (221.5830 GFlop/s per process)    40%    1194.1 sec left
CG set 568 / 1394    221.5798 GFlop/s     (221.5798 GFlop/s per process)    40%    1192.7 sec left
CG set 569 / 1394    221.5821 GFlop/s     (221.5821 GFlop/s per process)    40%    1191.3 sec left
CG set 570 / 1394    221.5822 GFlop/s     (221.5822 GFlop/s per process)    40%    1189.8 sec left
CG set 571 / 1394    221.5790 GFlop/s     (221.5790 GFlop/s per process)    40%    1188.4 sec left
CG set 572 / 1394    221.5787 GFlop/s     (221.5787 GFlop/s per process)    41%    1187.0 sec left
CG set 573 / 1394    221.5784 GFlop/s     (221.5784 GFlop/s per process)    41%    1185.6 sec left
CG set 574 / 1394    221.5783 GFlop/s     (221.5783 GFlop/s per process)    41%    1184.1 sec left
CG set 575 / 1394    221.5805 GFlop/s     (221.5805 GFlop/s per process)    41%    1182.7 sec left
CG set 576 / 1394    221.5805 GFlop/s     (221.5805 GFlop/s per process)    41%    1181.3 sec left
CG set 577 / 1394    221.5809 GFlop/s     (221.5809 GFlop/s per process)    41%    1179.9 sec left
CG set 578 / 1394    221.5794 GFlop/s     (221.5794 GFlop/s per process)    41%    1178.5 sec left
CG set 579 / 1394    221.5782 GFlop/s     (221.5782 GFlop/s per process)    41%    1177.0 sec left
CG set 580 / 1394    221.5784 GFlop/s     (221.5784 GFlop/s per process)    41%    1175.6 sec left
CG set 581 / 1394    221.5754 GFlop/s     (221.5754 GFlop/s per process)    41%    1174.2 sec left
CG set 582 / 1394    221.5758 GFlop/s     (221.5758 GFlop/s per process)    41%    1172.8 sec left
CG set 583 / 1394    221.5757 GFlop/s     (221.5757 GFlop/s per process)    41%    1171.3 sec left
CG set 584 / 1394    221.5779 GFlop/s     (221.5779 GFlop/s per process)    41%    1169.9 sec left
CG set 585 / 1394    221.5781 GFlop/s     (221.5781 GFlop/s per process)    41%    1168.5 sec left
CG set 586 / 1394    221.5743 GFlop/s     (221.5743 GFlop/s per process)    42%    1167.1 sec left
CG set 587 / 1394    221.5728 GFlop/s     (221.5728 GFlop/s per process)    42%    1165.6 sec left
CG set 588 / 1394    221.5719 GFlop/s     (221.5719 GFlop/s per process)    42%    1164.2 sec left
CG set 589 / 1394    221.5755 GFlop/s     (221.5755 GFlop/s per process)    42%    1162.8 sec left
CG set 590 / 1394    221.5742 GFlop/s     (221.5742 GFlop/s per process)    42%    1161.4 sec left
CG set 591 / 1394    221.5743 GFlop/s     (221.5743 GFlop/s per process)    42%    1160.0 sec left
CG set 592 / 1394    221.5741 GFlop/s     (221.5741 GFlop/s per process)    42%    1158.5 sec left
CG set 593 / 1394    221.5753 GFlop/s     (221.5753 GFlop/s per process)    42%    1157.1 sec left
CG set 594 / 1394    221.5753 GFlop/s     (221.5753 GFlop/s per process)    42%    1155.7 sec left
CG set 595 / 1394    221.5767 GFlop/s     (221.5767 GFlop/s per process)    42%    1154.3 sec left
CG set 596 / 1394    221.5772 GFlop/s     (221.5772 GFlop/s per process)    42%    1152.9 sec left
CG set 597 / 1394    221.5770 GFlop/s     (221.5770 GFlop/s per process)    42%    1151.4 sec left
CG set 598 / 1394    221.5768 GFlop/s     (221.5768 GFlop/s per process)    42%    1150.0 sec left
CG set 599 / 1394    221.5789 GFlop/s     (221.5789 GFlop/s per process)    42%    1148.6 sec left
CG set 600 / 1394    221.5825 GFlop/s     (221.5825 GFlop/s per process)    43%    1147.2 sec left
CG set 601 / 1394    221.5839 GFlop/s     (221.5839 GFlop/s per process)    43%    1145.8 sec left
CG set 602 / 1394    221.5841 GFlop/s     (221.5841 GFlop/s per process)    43%    1144.4 sec left
CG set 603 / 1394    221.5841 GFlop/s     (221.5841 GFlop/s per process)    43%    1142.9 sec left
CG set 604 / 1394    221.5843 GFlop/s     (221.5843 GFlop/s per process)    43%    1141.5 sec left
CG set 605 / 1394    221.5844 GFlop/s     (221.5844 GFlop/s per process)    43%    1140.1 sec left
CG set 606 / 1394    221.5844 GFlop/s     (221.5844 GFlop/s per process)    43%    1138.7 sec left
CG set 607 / 1394    221.5846 GFlop/s     (221.5846 GFlop/s per process)    43%    1137.3 sec left
CG set 608 / 1394    221.5817 GFlop/s     (221.5817 GFlop/s per process)    43%    1135.8 sec left
CG set 609 / 1394    221.5839 GFlop/s     (221.5839 GFlop/s per process)    43%    1134.4 sec left
CG set 610 / 1394    221.5860 GFlop/s     (221.5860 GFlop/s per process)    43%    1133.0 sec left
CG set 611 / 1394    221.5865 GFlop/s     (221.5865 GFlop/s per process)    43%    1131.6 sec left
CG set 612 / 1394    221.5900 GFlop/s     (221.5900 GFlop/s per process)    43%    1130.2 sec left
CG set 613 / 1394    221.5864 GFlop/s     (221.5864 GFlop/s per process)    43%    1128.7 sec left
CG set 614 / 1394    221.5864 GFlop/s     (221.5864 GFlop/s per process)    44%    1127.3 sec left
CG set 615 / 1394    221.5866 GFlop/s     (221.5866 GFlop/s per process)    44%    1125.9 sec left
CG set 616 / 1394    221.5867 GFlop/s     (221.5867 GFlop/s per process)    44%    1124.5 sec left
CG set 617 / 1394    221.5870 GFlop/s     (221.5870 GFlop/s per process)    44%    1123.1 sec left
CG set 618 / 1394    221.5873 GFlop/s     (221.5873 GFlop/s per process)    44%    1121.6 sec left
CG set 619 / 1394    221.5876 GFlop/s     (221.5876 GFlop/s per process)    44%    1120.2 sec left
CG set 620 / 1394    221.5841 GFlop/s     (221.5841 GFlop/s per process)    44%    1118.8 sec left
CG set 621 / 1394    221.5843 GFlop/s     (221.5843 GFlop/s per process)    44%    1117.4 sec left
CG set 622 / 1394    221.5842 GFlop/s     (221.5842 GFlop/s per process)    44%    1115.9 sec left
CG set 623 / 1394    221.5872 GFlop/s     (221.5872 GFlop/s per process)    44%    1114.5 sec left
CG set 624 / 1394    221.5874 GFlop/s     (221.5874 GFlop/s per process)    44%    1113.1 sec left
CG set 625 / 1394    221.5860 GFlop/s     (221.5860 GFlop/s per process)    44%    1111.7 sec left
CG set 626 / 1394    221.5822 GFlop/s     (221.5822 GFlop/s per process)    44%    1110.2 sec left
CG set 627 / 1394    221.5843 GFlop/s     (221.5843 GFlop/s per process)    44%    1108.8 sec left
CG set 628 / 1394    221.5845 GFlop/s     (221.5845 GFlop/s per process)    45%    1107.4 sec left
CG set 629 / 1394    221.5820 GFlop/s     (221.5820 GFlop/s per process)    45%    1106.0 sec left
CG set 630 / 1394    221.5817 GFlop/s     (221.5817 GFlop/s per process)    45%    1104.6 sec left
CG set 631 / 1394    221.5826 GFlop/s     (221.5826 GFlop/s per process)    45%    1103.1 sec left
CG set 632 / 1394    221.5837 GFlop/s     (221.5837 GFlop/s per process)    45%    1101.7 sec left
CG set 633 / 1394    221.5840 GFlop/s     (221.5840 GFlop/s per process)    45%    1100.3 sec left
CG set 634 / 1394    221.5859 GFlop/s     (221.5859 GFlop/s per process)    45%    1098.9 sec left
CG set 635 / 1394    221.5892 GFlop/s     (221.5892 GFlop/s per process)    45%    1097.5 sec left
CG set 636 / 1394    221.5878 GFlop/s     (221.5878 GFlop/s per process)    45%    1096.0 sec left
CG set 637 / 1394    221.5861 GFlop/s     (221.5861 GFlop/s per process)    45%    1094.6 sec left
CG set 638 / 1394    221.5834 GFlop/s     (221.5834 GFlop/s per process)    45%    1093.2 sec left
CG set 639 / 1394    221.5832 GFlop/s     (221.5832 GFlop/s per process)    45%    1091.8 sec left
CG set 640 / 1394    221.5830 GFlop/s     (221.5830 GFlop/s per process)    45%    1090.3 sec left
CG set 641 / 1394    221.5828 GFlop/s     (221.5828 GFlop/s per process)    45%    1088.9 sec left
CG set 642 / 1394    221.5835 GFlop/s     (221.5835 GFlop/s per process)    46%    1087.5 sec left
CG set 643 / 1394    221.5836 GFlop/s     (221.5836 GFlop/s per process)    46%    1086.1 sec left
CG set 644 / 1394    221.5855 GFlop/s     (221.5855 GFlop/s per process)    46%    1084.7 sec left
CG set 645 / 1394    221.5856 GFlop/s     (221.5856 GFlop/s per process)    46%    1083.2 sec left
CG set 646 / 1394    221.5832 GFlop/s     (221.5832 GFlop/s per process)    46%    1081.8 sec left
CG set 647 / 1394    221.5866 GFlop/s     (221.5866 GFlop/s per process)    46%    1080.4 sec left
CG set 648 / 1394    221.5850 GFlop/s     (221.5850 GFlop/s per process)    46%    1079.0 sec left
CG set 649 / 1394    221.5850 GFlop/s     (221.5850 GFlop/s per process)    46%    1077.6 sec left
CG set 650 / 1394    221.5832 GFlop/s     (221.5832 GFlop/s per process)    46%    1076.1 sec left
CG set 651 / 1394    221.5823 GFlop/s     (221.5823 GFlop/s per process)    46%    1074.7 sec left
CG set 652 / 1394    221.5797 GFlop/s     (221.5797 GFlop/s per process)    46%    1073.3 sec left
CG set 653 / 1394    221.5806 GFlop/s     (221.5806 GFlop/s per process)    46%    1071.9 sec left
CG set 654 / 1394    221.5816 GFlop/s     (221.5816 GFlop/s per process)    46%    1070.4 sec left
CG set 655 / 1394    221.5826 GFlop/s     (221.5826 GFlop/s per process)    46%    1069.0 sec left
CG set 656 / 1394    221.5846 GFlop/s     (221.5846 GFlop/s per process)    47%    1067.6 sec left
CG set 657 / 1394    221.5847 GFlop/s     (221.5847 GFlop/s per process)    47%    1066.2 sec left
CG set 658 / 1394    221.5879 GFlop/s     (221.5879 GFlop/s per process)    47%    1064.8 sec left
CG set 659 / 1394    221.5867 GFlop/s     (221.5867 GFlop/s per process)    47%    1063.4 sec left
CG set 660 / 1394    221.5874 GFlop/s     (221.5874 GFlop/s per process)    47%    1061.9 sec left
CG set 661 / 1394    221.5873 GFlop/s     (221.5873 GFlop/s per process)    47%    1060.5 sec left
CG set 662 / 1394    221.5871 GFlop/s     (221.5871 GFlop/s per process)    47%    1059.1 sec left
CG set 663 / 1394    221.5869 GFlop/s     (221.5869 GFlop/s per process)    47%    1057.7 sec left
CG set 664 / 1394    221.5868 GFlop/s     (221.5868 GFlop/s per process)    47%    1056.2 sec left
CG set 665 / 1394    221.5887 GFlop/s     (221.5887 GFlop/s per process)    47%    1054.8 sec left
CG set 666 / 1394    221.5888 GFlop/s     (221.5888 GFlop/s per process)    47%    1053.4 sec left
CG set 667 / 1394    221.5865 GFlop/s     (221.5865 GFlop/s per process)    47%    1052.0 sec left
CG set 668 / 1394    221.5862 GFlop/s     (221.5862 GFlop/s per process)    47%    1050.6 sec left
CG set 669 / 1394    221.5863 GFlop/s     (221.5863 GFlop/s per process)    47%    1049.1 sec left
CG set 670 / 1394    221.5895 GFlop/s     (221.5895 GFlop/s per process)    48%    1047.7 sec left
CG set 671 / 1394    221.5882 GFlop/s     (221.5882 GFlop/s per process)    48%    1046.3 sec left
CG set 672 / 1394    221.5882 GFlop/s     (221.5882 GFlop/s per process)    48%    1044.9 sec left
CG set 673 / 1394    221.5866 GFlop/s     (221.5866 GFlop/s per process)    48%    1043.5 sec left
CG set 674 / 1394    221.5866 GFlop/s     (221.5866 GFlop/s per process)    48%    1042.0 sec left
CG set 675 / 1394    221.5885 GFlop/s     (221.5885 GFlop/s per process)    48%    1040.6 sec left
CG set 676 / 1394    221.5861 GFlop/s     (221.5861 GFlop/s per process)    48%    1039.2 sec left
CG set 677 / 1394    221.5868 GFlop/s     (221.5868 GFlop/s per process)    48%    1037.8 sec left
CG set 678 / 1394    221.5887 GFlop/s     (221.5887 GFlop/s per process)    48%    1036.4 sec left
CG set 679 / 1394    221.5887 GFlop/s     (221.5887 GFlop/s per process)    48%    1034.9 sec left
CG set 680 / 1394    221.5864 GFlop/s     (221.5864 GFlop/s per process)    48%    1033.5 sec left
CG set 681 / 1394    221.5896 GFlop/s     (221.5896 GFlop/s per process)    48%    1032.1 sec left
CG set 682 / 1394    221.5880 GFlop/s     (221.5880 GFlop/s per process)    48%    1030.7 sec left
CG set 683 / 1394    221.5862 GFlop/s     (221.5862 GFlop/s per process)    48%    1029.2 sec left
CG set 684 / 1394    221.5855 GFlop/s     (221.5855 GFlop/s per process)    49%    1027.8 sec left
CG set 685 / 1394    221.5854 GFlop/s     (221.5854 GFlop/s per process)    49%    1026.4 sec left
CG set 686 / 1394    221.5855 GFlop/s     (221.5855 GFlop/s per process)    49%    1025.0 sec left
CG set 687 / 1394    221.5831 GFlop/s     (221.5831 GFlop/s per process)    49%    1023.5 sec left
CG set 688 / 1394    221.5849 GFlop/s     (221.5849 GFlop/s per process)    49%    1022.1 sec left
CG set 689 / 1394    221.5851 GFlop/s     (221.5851 GFlop/s per process)    49%    1020.7 sec left
CG set 690 / 1394    221.5859 GFlop/s     (221.5859 GFlop/s per process)    49%    1019.3 sec left
CG set 691 / 1394    221.5877 GFlop/s     (221.5877 GFlop/s per process)    49%    1017.9 sec left
CG set 692 / 1394    221.5878 GFlop/s     (221.5878 GFlop/s per process)    49%    1016.5 sec left
CG set 693 / 1394    221.5909 GFlop/s     (221.5909 GFlop/s per process)    49%    1015.0 sec left
CG set 694 / 1394    221.5897 GFlop/s     (221.5897 GFlop/s per process)    49%    1013.6 sec left
CG set 695 / 1394    221.5895 GFlop/s     (221.5895 GFlop/s per process)    49%    1012.2 sec left
CG set 696 / 1394    221.5914 GFlop/s     (221.5914 GFlop/s per process)    49%    1010.8 sec left
CG set 697 / 1394    221.5893 GFlop/s     (221.5893 GFlop/s per process)    50%    1009.4 sec left
CG set 698 / 1394    221.5889 GFlop/s     (221.5889 GFlop/s per process)    50%    1007.9 sec left
CG set 699 / 1394    221.5891 GFlop/s     (221.5891 GFlop/s per process)    50%    1006.5 sec left
CG set 700 / 1394    221.5892 GFlop/s     (221.5892 GFlop/s per process)    50%    1005.1 sec left
CG set 701 / 1394    221.5891 GFlop/s     (221.5891 GFlop/s per process)    50%    1003.7 sec left
CG set 702 / 1394    221.5892 GFlop/s     (221.5892 GFlop/s per process)    50%    1002.2 sec left
CG set 703 / 1394    221.5910 GFlop/s     (221.5910 GFlop/s per process)    50%    1000.8 sec left
CG set 704 / 1394    221.5941 GFlop/s     (221.5941 GFlop/s per process)    50%    999.4 sec left
CG set 705 / 1394    221.5929 GFlop/s     (221.5929 GFlop/s per process)    50%    998.0 sec left
CG set 706 / 1394    221.5928 GFlop/s     (221.5928 GFlop/s per process)    50%    996.6 sec left
CG set 707 / 1394    221.5920 GFlop/s     (221.5920 GFlop/s per process)    50%    995.2 sec left
CG set 708 / 1394    221.5912 GFlop/s     (221.5912 GFlop/s per process)    50%    993.7 sec left
CG set 709 / 1394    221.5903 GFlop/s     (221.5903 GFlop/s per process)    50%    992.3 sec left
CG set 710 / 1394    221.5881 GFlop/s     (221.5881 GFlop/s per process)    50%    990.9 sec left
CG set 711 / 1394    221.5897 GFlop/s     (221.5897 GFlop/s per process)    51%    989.5 sec left
CG set 712 / 1394    221.5897 GFlop/s     (221.5897 GFlop/s per process)    51%    988.0 sec left
CG set 713 / 1394    221.5898 GFlop/s     (221.5898 GFlop/s per process)    51%    986.6 sec left
CG set 714 / 1394    221.5874 GFlop/s     (221.5874 GFlop/s per process)    51%    985.2 sec left
CG set 715 / 1394    221.5874 GFlop/s     (221.5874 GFlop/s per process)    51%    983.8 sec left
CG set 716 / 1394    221.5904 GFlop/s     (221.5904 GFlop/s per process)    51%    982.4 sec left
CG set 717 / 1394    221.5891 GFlop/s     (221.5891 GFlop/s per process)    51%    980.9 sec left
CG set 718 / 1394    221.5867 GFlop/s     (221.5867 GFlop/s per process)    51%    979.5 sec left
CG set 719 / 1394    221.5876 GFlop/s     (221.5876 GFlop/s per process)    51%    978.1 sec left
CG set 720 / 1394    221.5877 GFlop/s     (221.5877 GFlop/s per process)    51%    976.7 sec left
CG set 721 / 1394    221.5878 GFlop/s     (221.5878 GFlop/s per process)    51%    975.2 sec left
CG set 722 / 1394    221.5853 GFlop/s     (221.5853 GFlop/s per process)    51%    973.8 sec left
CG set 723 / 1394    221.5855 GFlop/s     (221.5855 GFlop/s per process)    51%    972.4 sec left
CG set 724 / 1394    221.5854 GFlop/s     (221.5854 GFlop/s per process)    51%    971.0 sec left
CG set 725 / 1394    221.5856 GFlop/s     (221.5856 GFlop/s per process)    52%    969.5 sec left
CG set 726 / 1394    221.5840 GFlop/s     (221.5840 GFlop/s per process)    52%    968.1 sec left
CG set 727 / 1394    221.5824 GFlop/s     (221.5824 GFlop/s per process)    52%    966.7 sec left
CG set 728 / 1394    221.5853 GFlop/s     (221.5853 GFlop/s per process)    52%    965.3 sec left
CG set 729 / 1394    221.5842 GFlop/s     (221.5842 GFlop/s per process)    52%    963.9 sec left
CG set 730 / 1394    221.5842 GFlop/s     (221.5842 GFlop/s per process)    52%    962.4 sec left
CG set 731 / 1394    221.5843 GFlop/s     (221.5843 GFlop/s per process)    52%    961.0 sec left
CG set 732 / 1394    221.5842 GFlop/s     (221.5842 GFlop/s per process)    52%    959.6 sec left
CG set 733 / 1394    221.5859 GFlop/s     (221.5859 GFlop/s per process)    52%    958.2 sec left
CG set 734 / 1394    221.5860 GFlop/s     (221.5860 GFlop/s per process)    52%    956.8 sec left
CG set 735 / 1394    221.5837 GFlop/s     (221.5837 GFlop/s per process)    52%    955.3 sec left
CG set 736 / 1394    221.5837 GFlop/s     (221.5837 GFlop/s per process)    52%    953.9 sec left
CG set 737 / 1394    221.5845 GFlop/s     (221.5845 GFlop/s per process)    52%    952.5 sec left
CG set 738 / 1394    221.5848 GFlop/s     (221.5848 GFlop/s per process)    52%    951.1 sec left
CG set 739 / 1394    221.5876 GFlop/s     (221.5876 GFlop/s per process)    53%    949.7 sec left
CG set 740 / 1394    221.5855 GFlop/s     (221.5855 GFlop/s per process)    53%    948.2 sec left
CG set 741 / 1394    221.5840 GFlop/s     (221.5840 GFlop/s per process)    53%    946.8 sec left
CG set 742 / 1394    221.5819 GFlop/s     (221.5819 GFlop/s per process)    53%    945.4 sec left
CG set 743 / 1394    221.5824 GFlop/s     (221.5824 GFlop/s per process)    53%    943.9 sec left
CG set 744 / 1394    221.5842 GFlop/s     (221.5842 GFlop/s per process)    53%    942.5 sec left
CG set 745 / 1394    221.5842 GFlop/s     (221.5842 GFlop/s per process)    53%    941.1 sec left
CG set 746 / 1394    221.5819 GFlop/s     (221.5819 GFlop/s per process)    53%    939.7 sec left
CG set 747 / 1394    221.5820 GFlop/s     (221.5820 GFlop/s per process)    53%    938.3 sec left
CG set 748 / 1394    221.5819 GFlop/s     (221.5819 GFlop/s per process)    53%    936.8 sec left
CG set 749 / 1394    221.5837 GFlop/s     (221.5837 GFlop/s per process)    53%    935.4 sec left
CG set 750 / 1394    221.5837 GFlop/s     (221.5837 GFlop/s per process)    53%    934.0 sec left
CG set 751 / 1394    221.5866 GFlop/s     (221.5866 GFlop/s per process)    53%    932.6 sec left
CG set 752 / 1394    221.5855 GFlop/s     (221.5855 GFlop/s per process)    53%    931.2 sec left
CG set 753 / 1394    221.5855 GFlop/s     (221.5855 GFlop/s per process)    54%    929.7 sec left
CG set 754 / 1394    221.5862 GFlop/s     (221.5862 GFlop/s per process)    54%    928.3 sec left
CG set 755 / 1394    221.5863 GFlop/s     (221.5863 GFlop/s per process)    54%    926.9 sec left
CG set 756 / 1394    221.5881 GFlop/s     (221.5881 GFlop/s per process)    54%    925.5 sec left
CG set 757 / 1394    221.5881 GFlop/s     (221.5881 GFlop/s per process)    54%    924.1 sec left
CG set 758 / 1394    221.5858 GFlop/s     (221.5858 GFlop/s per process)    54%    922.6 sec left
CG set 759 / 1394    221.5847 GFlop/s     (221.5847 GFlop/s per process)    54%    921.2 sec left
CG set 760 / 1394    221.5845 GFlop/s     (221.5845 GFlop/s per process)    54%    919.8 sec left
CG set 761 / 1394    221.5845 GFlop/s     (221.5845 GFlop/s per process)    54%    918.4 sec left
CG set 762 / 1394    221.5873 GFlop/s     (221.5873 GFlop/s per process)    54%    917.0 sec left
CG set 763 / 1394    221.5859 GFlop/s     (221.5859 GFlop/s per process)    54%    915.5 sec left
CG set 764 / 1394    221.5829 GFlop/s     (221.5829 GFlop/s per process)    54%    914.1 sec left
CG set 765 / 1394    221.5844 GFlop/s     (221.5844 GFlop/s per process)    54%    912.7 sec left
CG set 766 / 1394    221.5845 GFlop/s     (221.5845 GFlop/s per process)    54%    911.3 sec left
CG set 767 / 1394    221.5846 GFlop/s     (221.5846 GFlop/s per process)    55%    909.8 sec left
CG set 768 / 1394    221.5824 GFlop/s     (221.5824 GFlop/s per process)    55%    908.4 sec left
CG set 769 / 1394    221.5825 GFlop/s     (221.5825 GFlop/s per process)    55%    907.0 sec left
CG set 770 / 1394    221.5832 GFlop/s     (221.5832 GFlop/s per process)    55%    905.6 sec left
CG set 771 / 1394    221.5833 GFlop/s     (221.5833 GFlop/s per process)    55%    904.2 sec left
CG set 772 / 1394    221.5850 GFlop/s     (221.5850 GFlop/s per process)    55%    902.7 sec left
CG set 773 / 1394    221.5849 GFlop/s     (221.5849 GFlop/s per process)    55%    901.3 sec left
CG set 774 / 1394    221.5877 GFlop/s     (221.5877 GFlop/s per process)    55%    899.9 sec left
CG set 775 / 1394    221.5851 GFlop/s     (221.5851 GFlop/s per process)    55%    898.5 sec left
CG set 776 / 1394    221.5828 GFlop/s     (221.5828 GFlop/s per process)    55%    897.0 sec left
CG set 777 / 1394    221.5845 GFlop/s     (221.5845 GFlop/s per process)    55%    895.6 sec left
CG set 778 / 1394    221.5845 GFlop/s     (221.5845 GFlop/s per process)    55%    894.2 sec left
CG set 779 / 1394    221.5823 GFlop/s     (221.5823 GFlop/s per process)    55%    892.8 sec left
CG set 780 / 1394    221.5838 GFlop/s     (221.5838 GFlop/s per process)    55%    891.4 sec left
CG set 781 / 1394    221.5839 GFlop/s     (221.5839 GFlop/s per process)    56%    889.9 sec left
CG set 782 / 1394    221.5839 GFlop/s     (221.5839 GFlop/s per process)    56%    888.5 sec left
CG set 783 / 1394    221.5817 GFlop/s     (221.5817 GFlop/s per process)    56%    887.1 sec left
CG set 784 / 1394    221.5817 GFlop/s     (221.5817 GFlop/s per process)    56%    885.7 sec left
CG set 785 / 1394    221.5845 GFlop/s     (221.5845 GFlop/s per process)    56%    884.3 sec left
CG set 786 / 1394    221.5819 GFlop/s     (221.5819 GFlop/s per process)    56%    882.8 sec left
CG set 787 / 1394    221.5811 GFlop/s     (221.5811 GFlop/s per process)    56%    881.4 sec left
CG set 788 / 1394    221.5805 GFlop/s     (221.5805 GFlop/s per process)    56%    880.0 sec left
CG set 789 / 1394    221.5808 GFlop/s     (221.5808 GFlop/s per process)    56%    878.6 sec left
CG set 790 / 1394    221.5806 GFlop/s     (221.5806 GFlop/s per process)    56%    877.1 sec left
CG set 791 / 1394    221.5807 GFlop/s     (221.5807 GFlop/s per process)    56%    875.7 sec left
CG set 792 / 1394    221.5815 GFlop/s     (221.5815 GFlop/s per process)    56%    874.3 sec left
CG set 793 / 1394    221.5823 GFlop/s     (221.5823 GFlop/s per process)    56%    872.9 sec left
CG set 794 / 1394    221.5826 GFlop/s     (221.5826 GFlop/s per process)    56%    871.5 sec left
CG set 795 / 1394    221.5842 GFlop/s     (221.5842 GFlop/s per process)    57%    870.0 sec left
CG set 796 / 1394    221.5849 GFlop/s     (221.5849 GFlop/s per process)    57%    868.6 sec left
CG set 797 / 1394    221.5876 GFlop/s     (221.5876 GFlop/s per process)    57%    867.2 sec left
CG set 798 / 1394    221.5866 GFlop/s     (221.5866 GFlop/s per process)    57%    865.8 sec left
CG set 799 / 1394    221.5865 GFlop/s     (221.5865 GFlop/s per process)    57%    864.4 sec left
CG set 800 / 1394    221.5838 GFlop/s     (221.5838 GFlop/s per process)    57%    862.9 sec left
CG set 801 / 1394    221.5844 GFlop/s     (221.5844 GFlop/s per process)    57%    861.5 sec left
CG set 802 / 1394    221.5847 GFlop/s     (221.5847 GFlop/s per process)    57%    860.1 sec left
CG set 803 / 1394    221.5862 GFlop/s     (221.5862 GFlop/s per process)    57%    858.7 sec left
CG set 804 / 1394    221.5862 GFlop/s     (221.5862 GFlop/s per process)    57%    857.3 sec left
CG set 805 / 1394    221.5869 GFlop/s     (221.5869 GFlop/s per process)    57%    855.8 sec left
CG set 806 / 1394    221.5871 GFlop/s     (221.5871 GFlop/s per process)    57%    854.4 sec left
CG set 807 / 1394    221.5872 GFlop/s     (221.5872 GFlop/s per process)    57%    853.0 sec left
CG set 808 / 1394    221.5896 GFlop/s     (221.5896 GFlop/s per process)    57%    851.6 sec left
CG set 809 / 1394    221.5898 GFlop/s     (221.5898 GFlop/s per process)    58%    850.2 sec left
CG set 810 / 1394    221.5888 GFlop/s     (221.5888 GFlop/s per process)    58%    848.7 sec left
CG set 811 / 1394    221.5872 GFlop/s     (221.5872 GFlop/s per process)    58%    847.3 sec left
CG set 812 / 1394    221.5865 GFlop/s     (221.5865 GFlop/s per process)    58%    845.9 sec left
CG set 813 / 1394    221.5858 GFlop/s     (221.5858 GFlop/s per process)    58%    844.5 sec left
CG set 814 / 1394    221.5859 GFlop/s     (221.5859 GFlop/s per process)    58%    843.0 sec left
CG set 815 / 1394    221.5836 GFlop/s     (221.5836 GFlop/s per process)    58%    841.6 sec left
CG set 816 / 1394    221.5825 GFlop/s     (221.5825 GFlop/s per process)    58%    840.2 sec left
CG set 817 / 1394    221.5823 GFlop/s     (221.5823 GFlop/s per process)    58%    838.8 sec left
CG set 818 / 1394    221.5833 GFlop/s     (221.5833 GFlop/s per process)    58%    837.3 sec left
CG set 819 / 1394    221.5817 GFlop/s     (221.5817 GFlop/s per process)    58%    835.9 sec left
CG set 820 / 1394    221.5843 GFlop/s     (221.5843 GFlop/s per process)    58%    834.5 sec left
CG set 821 / 1394    221.5833 GFlop/s     (221.5833 GFlop/s per process)    58%    833.1 sec left
CG set 822 / 1394    221.5819 GFlop/s     (221.5819 GFlop/s per process)    58%    831.7 sec left
CG set 823 / 1394    221.5798 GFlop/s     (221.5798 GFlop/s per process)    59%    830.2 sec left
CG set 824 / 1394    221.5805 GFlop/s     (221.5805 GFlop/s per process)    59%    828.8 sec left
CG set 825 / 1394    221.5805 GFlop/s     (221.5805 GFlop/s per process)    59%    827.4 sec left
CG set 826 / 1394    221.5804 GFlop/s     (221.5804 GFlop/s per process)    59%    826.0 sec left
CG set 827 / 1394    221.5801 GFlop/s     (221.5801 GFlop/s per process)    59%    824.5 sec left
CG set 828 / 1394    221.5775 GFlop/s     (221.5775 GFlop/s per process)    59%    823.1 sec left
CG set 829 / 1394    221.5754 GFlop/s     (221.5754 GFlop/s per process)    59%    821.7 sec left
CG set 830 / 1394    221.5747 GFlop/s     (221.5747 GFlop/s per process)    59%    820.2 sec left
CG set 831 / 1394    221.5752 GFlop/s     (221.5752 GFlop/s per process)    59%    818.8 sec left
CG set 832 / 1394    221.5778 GFlop/s     (221.5778 GFlop/s per process)    59%    817.4 sec left
CG set 833 / 1394    221.5757 GFlop/s     (221.5757 GFlop/s per process)    59%    816.0 sec left
CG set 834 / 1394    221.5771 GFlop/s     (221.5771 GFlop/s per process)    59%    814.6 sec left
CG set 835 / 1394    221.5772 GFlop/s     (221.5772 GFlop/s per process)    59%    813.2 sec left
CG set 836 / 1394    221.5785 GFlop/s     (221.5785 GFlop/s per process)    59%    811.7 sec left
CG set 837 / 1394    221.5787 GFlop/s     (221.5787 GFlop/s per process)    60%    810.3 sec left
CG set 838 / 1394    221.5766 GFlop/s     (221.5766 GFlop/s per process)    60%    808.9 sec left
CG set 839 / 1394    221.5773 GFlop/s     (221.5773 GFlop/s per process)    60%    807.5 sec left
CG set 840 / 1394    221.5789 GFlop/s     (221.5789 GFlop/s per process)    60%    806.1 sec left
CG set 841 / 1394    221.5790 GFlop/s     (221.5790 GFlop/s per process)    60%    804.6 sec left
CG set 842 / 1394    221.5771 GFlop/s     (221.5771 GFlop/s per process)    60%    803.2 sec left
CG set 843 / 1394    221.5796 GFlop/s     (221.5796 GFlop/s per process)    60%    801.8 sec left
CG set 844 / 1394    221.5785 GFlop/s     (221.5785 GFlop/s per process)    60%    800.4 sec left
CG set 845 / 1394    221.5786 GFlop/s     (221.5786 GFlop/s per process)    60%    798.9 sec left
CG set 846 / 1394    221.5785 GFlop/s     (221.5785 GFlop/s per process)    60%    797.5 sec left
CG set 847 / 1394    221.5772 GFlop/s     (221.5772 GFlop/s per process)    60%    796.1 sec left
CG set 848 / 1394    221.5753 GFlop/s     (221.5753 GFlop/s per process)    60%    794.7 sec left
CG set 849 / 1394    221.5767 GFlop/s     (221.5767 GFlop/s per process)    60%    793.3 sec left
CG set 850 / 1394    221.5767 GFlop/s     (221.5767 GFlop/s per process)    60%    791.8 sec left
CG set 851 / 1394    221.5774 GFlop/s     (221.5774 GFlop/s per process)    61%    790.4 sec left
CG set 852 / 1394    221.5790 GFlop/s     (221.5790 GFlop/s per process)    61%    789.0 sec left
CG set 853 / 1394    221.5790 GFlop/s     (221.5790 GFlop/s per process)    61%    787.6 sec left
CG set 854 / 1394    221.5793 GFlop/s     (221.5793 GFlop/s per process)    61%    786.2 sec left
CG set 855 / 1394    221.5801 GFlop/s     (221.5801 GFlop/s per process)    61%    784.7 sec left
CG set 856 / 1394    221.5809 GFlop/s     (221.5809 GFlop/s per process)    61%    783.3 sec left
CG set 857 / 1394    221.5827 GFlop/s     (221.5827 GFlop/s per process)    61%    781.9 sec left
CG set 858 / 1394    221.5828 GFlop/s     (221.5828 GFlop/s per process)    61%    780.5 sec left
CG set 859 / 1394    221.5843 GFlop/s     (221.5843 GFlop/s per process)    61%    779.1 sec left
CG set 860 / 1394    221.5843 GFlop/s     (221.5843 GFlop/s per process)    61%    777.7 sec left
CG set 861 / 1394    221.5844 GFlop/s     (221.5844 GFlop/s per process)    61%    776.2 sec left
CG set 862 / 1394    221.5824 GFlop/s     (221.5824 GFlop/s per process)    61%    774.8 sec left
CG set 863 / 1394    221.5832 GFlop/s     (221.5832 GFlop/s per process)    61%    773.4 sec left
CG set 864 / 1394    221.5818 GFlop/s     (221.5818 GFlop/s per process)    61%    772.0 sec left
CG set 865 / 1394    221.5799 GFlop/s     (221.5799 GFlop/s per process)    62%    770.5 sec left
CG set 866 / 1394    221.5824 GFlop/s     (221.5824 GFlop/s per process)    62%    769.1 sec left
CG set 867 / 1394    221.5826 GFlop/s     (221.5826 GFlop/s per process)    62%    767.7 sec left
CG set 868 / 1394    221.5840 GFlop/s     (221.5840 GFlop/s per process)    62%    766.3 sec left
CG set 869 / 1394    221.5841 GFlop/s     (221.5841 GFlop/s per process)    62%    764.9 sec left
CG set 870 / 1394    221.5820 GFlop/s     (221.5820 GFlop/s per process)    62%    763.4 sec left
CG set 871 / 1394    221.5817 GFlop/s     (221.5817 GFlop/s per process)    62%    762.0 sec left
CG set 872 / 1394    221.5821 GFlop/s     (221.5821 GFlop/s per process)    62%    760.6 sec left
CG set 873 / 1394    221.5830 GFlop/s     (221.5830 GFlop/s per process)    62%    759.2 sec left
CG set 874 / 1394    221.5830 GFlop/s     (221.5830 GFlop/s per process)    62%    757.8 sec left
CG set 875 / 1394    221.5831 GFlop/s     (221.5831 GFlop/s per process)    62%    756.3 sec left
CG set 876 / 1394    221.5832 GFlop/s     (221.5832 GFlop/s per process)    62%    754.9 sec left
CG set 877 / 1394    221.5807 GFlop/s     (221.5807 GFlop/s per process)    62%    753.5 sec left
CG set 878 / 1394    221.5832 GFlop/s     (221.5832 GFlop/s per process)    62%    752.1 sec left
CG set 879 / 1394    221.5813 GFlop/s     (221.5813 GFlop/s per process)    63%    750.6 sec left
CG set 880 / 1394    221.5798 GFlop/s     (221.5798 GFlop/s per process)    63%    749.2 sec left
CG set 881 / 1394    221.5791 GFlop/s     (221.5791 GFlop/s per process)    63%    747.8 sec left
CG set 882 / 1394    221.5778 GFlop/s     (221.5778 GFlop/s per process)    63%    746.4 sec left
CG set 883 / 1394    221.5772 GFlop/s     (221.5772 GFlop/s per process)    63%    744.9 sec left
CG set 884 / 1394    221.5752 GFlop/s     (221.5752 GFlop/s per process)    63%    743.5 sec left
CG set 885 / 1394    221.5760 GFlop/s     (221.5760 GFlop/s per process)    63%    742.1 sec left
CG set 886 / 1394    221.5762 GFlop/s     (221.5762 GFlop/s per process)    63%    740.7 sec left
CG set 887 / 1394    221.5775 GFlop/s     (221.5775 GFlop/s per process)    63%    739.2 sec left
CG set 888 / 1394    221.5782 GFlop/s     (221.5782 GFlop/s per process)    63%    737.8 sec left
CG set 889 / 1394    221.5807 GFlop/s     (221.5807 GFlop/s per process)    63%    736.4 sec left
CG set 890 / 1394    221.5797 GFlop/s     (221.5797 GFlop/s per process)    63%    735.0 sec left
CG set 891 / 1394    221.5778 GFlop/s     (221.5778 GFlop/s per process)    63%    733.6 sec left
CG set 892 / 1394    221.5777 GFlop/s     (221.5777 GFlop/s per process)    63%    732.1 sec left
CG set 893 / 1394    221.5775 GFlop/s     (221.5775 GFlop/s per process)    64%    730.7 sec left
CG set 894 / 1394    221.5777 GFlop/s     (221.5777 GFlop/s per process)    64%    729.3 sec left
CG set 895 / 1394    221.5775 GFlop/s     (221.5775 GFlop/s per process)    64%    727.9 sec left
CG set 896 / 1394    221.5773 GFlop/s     (221.5773 GFlop/s per process)    64%    726.4 sec left
CG set 897 / 1394    221.5769 GFlop/s     (221.5769 GFlop/s per process)    64%    725.0 sec left
CG set 898 / 1394    221.5768 GFlop/s     (221.5768 GFlop/s per process)    64%    723.6 sec left
CG set 899 / 1394    221.5766 GFlop/s     (221.5766 GFlop/s per process)    64%    722.2 sec left
CG set 900 / 1394    221.5783 GFlop/s     (221.5783 GFlop/s per process)    64%    720.8 sec left
CG set 901 / 1394    221.5791 GFlop/s     (221.5791 GFlop/s per process)    64%    719.4 sec left
CG set 902 / 1394    221.5789 GFlop/s     (221.5789 GFlop/s per process)    64%    717.9 sec left
CG set 903 / 1394    221.5802 GFlop/s     (221.5802 GFlop/s per process)    64%    716.5 sec left
CG set 904 / 1394    221.5809 GFlop/s     (221.5809 GFlop/s per process)    64%    715.1 sec left
CG set 905 / 1394    221.5810 GFlop/s     (221.5810 GFlop/s per process)    64%    713.7 sec left
CG set 906 / 1394    221.5811 GFlop/s     (221.5811 GFlop/s per process)    64%    712.3 sec left
CG set 907 / 1394    221.5811 GFlop/s     (221.5811 GFlop/s per process)    65%    710.8 sec left
CG set 908 / 1394    221.5824 GFlop/s     (221.5824 GFlop/s per process)    65%    709.4 sec left
CG set 909 / 1394    221.5806 GFlop/s     (221.5806 GFlop/s per process)    65%    708.0 sec left
CG set 910 / 1394    221.5819 GFlop/s     (221.5819 GFlop/s per process)    65%    706.6 sec left
CG set 911 / 1394    221.5820 GFlop/s     (221.5820 GFlop/s per process)    65%    705.2 sec left
CG set 912 / 1394    221.5843 GFlop/s     (221.5843 GFlop/s per process)    65%    703.7 sec left
CG set 913 / 1394    221.5837 GFlop/s     (221.5837 GFlop/s per process)    65%    702.3 sec left
CG set 914 / 1394    221.5835 GFlop/s     (221.5835 GFlop/s per process)    65%    700.9 sec left
CG set 915 / 1394    221.5834 GFlop/s     (221.5834 GFlop/s per process)    65%    699.5 sec left
CG set 916 / 1394    221.5847 GFlop/s     (221.5847 GFlop/s per process)    65%    698.1 sec left
CG set 917 / 1394    221.5849 GFlop/s     (221.5849 GFlop/s per process)    65%    696.6 sec left
CG set 918 / 1394    221.5843 GFlop/s     (221.5843 GFlop/s per process)    65%    695.2 sec left
CG set 919 / 1394    221.5843 GFlop/s     (221.5843 GFlop/s per process)    65%    693.8 sec left
CG set 920 / 1394    221.5843 GFlop/s     (221.5843 GFlop/s per process)    65%    692.4 sec left
CG set 921 / 1394    221.5850 GFlop/s     (221.5850 GFlop/s per process)    66%    691.0 sec left
CG set 922 / 1394    221.5864 GFlop/s     (221.5864 GFlop/s per process)    66%    689.5 sec left
CG set 923 / 1394    221.5887 GFlop/s     (221.5887 GFlop/s per process)    66%    688.1 sec left
CG set 924 / 1394    221.5880 GFlop/s     (221.5880 GFlop/s per process)    66%    686.7 sec left
CG set 925 / 1394    221.5878 GFlop/s     (221.5878 GFlop/s per process)    66%    685.3 sec left
CG set 926 / 1394    221.5891 GFlop/s     (221.5891 GFlop/s per process)    66%    683.9 sec left
CG set 927 / 1394    221.5891 GFlop/s     (221.5891 GFlop/s per process)    66%    682.5 sec left
CG set 928 / 1394    221.5875 GFlop/s     (221.5875 GFlop/s per process)    66%    681.0 sec left
CG set 929 / 1394    221.5879 GFlop/s     (221.5879 GFlop/s per process)    66%    679.6 sec left
CG set 930 / 1394    221.5893 GFlop/s     (221.5893 GFlop/s per process)    66%    678.2 sec left
CG set 931 / 1394    221.5876 GFlop/s     (221.5876 GFlop/s per process)    66%    676.8 sec left
CG set 932 / 1394    221.5861 GFlop/s     (221.5861 GFlop/s per process)    66%    675.3 sec left
CG set 933 / 1394    221.5844 GFlop/s     (221.5844 GFlop/s per process)    66%    673.9 sec left
CG set 934 / 1394    221.5842 GFlop/s     (221.5842 GFlop/s per process)    67%    672.5 sec left
CG set 935 / 1394    221.5865 GFlop/s     (221.5865 GFlop/s per process)    67%    671.1 sec left
CG set 936 / 1394    221.5844 GFlop/s     (221.5844 GFlop/s per process)    67%    669.6 sec left
CG set 937 / 1394    221.5844 GFlop/s     (221.5844 GFlop/s per process)    67%    668.2 sec left
CG set 938 / 1394    221.5825 GFlop/s     (221.5825 GFlop/s per process)    67%    666.8 sec left
CG set 939 / 1394    221.5810 GFlop/s     (221.5810 GFlop/s per process)    67%    665.4 sec left
CG set 940 / 1394    221.5808 GFlop/s     (221.5808 GFlop/s per process)    67%    663.9 sec left
CG set 941 / 1394    221.5805 GFlop/s     (221.5805 GFlop/s per process)    67%    662.5 sec left
CG set 942 / 1394    221.5805 GFlop/s     (221.5805 GFlop/s per process)    67%    661.1 sec left
CG set 943 / 1394    221.5803 GFlop/s     (221.5803 GFlop/s per process)    67%    659.7 sec left
CG set 944 / 1394    221.5806 GFlop/s     (221.5806 GFlop/s per process)    67%    658.2 sec left
CG set 945 / 1394    221.5807 GFlop/s     (221.5807 GFlop/s per process)    67%    656.8 sec left
CG set 946 / 1394    221.5829 GFlop/s     (221.5829 GFlop/s per process)    67%    655.4 sec left
CG set 947 / 1394    221.5809 GFlop/s     (221.5809 GFlop/s per process)    67%    654.0 sec left
CG set 948 / 1394    221.5803 GFlop/s     (221.5803 GFlop/s per process)    68%    652.6 sec left
CG set 949 / 1394    221.5797 GFlop/s     (221.5797 GFlop/s per process)    68%    651.1 sec left
CG set 950 / 1394    221.5753 GFlop/s     (221.5753 GFlop/s per process)    68%    649.7 sec left
CG set 951 / 1394    221.5738 GFlop/s     (221.5738 GFlop/s per process)    68%    648.3 sec left
CG set 952 / 1394    221.5737 GFlop/s     (221.5737 GFlop/s per process)    68%    646.8 sec left
CG set 953 / 1394    221.5737 GFlop/s     (221.5737 GFlop/s per process)    68%    645.4 sec left
CG set 954 / 1394    221.5736 GFlop/s     (221.5736 GFlop/s per process)    68%    644.0 sec left
CG set 955 / 1394    221.5739 GFlop/s     (221.5739 GFlop/s per process)    68%    642.6 sec left
CG set 956 / 1394    221.5749 GFlop/s     (221.5749 GFlop/s per process)    68%    641.2 sec left
CG set 957 / 1394    221.5768 GFlop/s     (221.5768 GFlop/s per process)    68%    639.7 sec left
CG set 958 / 1394    221.5770 GFlop/s     (221.5770 GFlop/s per process)    68%    638.3 sec left
CG set 959 / 1394    221.5761 GFlop/s     (221.5761 GFlop/s per process)    68%    636.9 sec left
CG set 960 / 1394    221.5744 GFlop/s     (221.5744 GFlop/s per process)    68%    635.5 sec left
CG set 961 / 1394    221.5750 GFlop/s     (221.5750 GFlop/s per process)    68%    634.0 sec left
CG set 962 / 1394    221.5733 GFlop/s     (221.5733 GFlop/s per process)    69%    632.6 sec left
CG set 963 / 1394    221.5732 GFlop/s     (221.5732 GFlop/s per process)    69%    631.2 sec left
CG set 964 / 1394    221.5743 GFlop/s     (221.5743 GFlop/s per process)    69%    629.8 sec left
CG set 965 / 1394    221.5742 GFlop/s     (221.5742 GFlop/s per process)    69%    628.4 sec left
CG set 966 / 1394    221.5741 GFlop/s     (221.5741 GFlop/s per process)    69%    626.9 sec left
CG set 967 / 1394    221.5741 GFlop/s     (221.5741 GFlop/s per process)    69%    625.5 sec left
CG set 968 / 1394    221.5755 GFlop/s     (221.5755 GFlop/s per process)    69%    624.1 sec left
CG set 969 / 1394    221.5778 GFlop/s     (221.5778 GFlop/s per process)    69%    622.7 sec left
CG set 970 / 1394    221.5768 GFlop/s     (221.5768 GFlop/s per process)    69%    621.3 sec left
CG set 971 / 1394    221.5768 GFlop/s     (221.5768 GFlop/s per process)    69%    619.8 sec left
CG set 972 / 1394    221.5768 GFlop/s     (221.5768 GFlop/s per process)    69%    618.4 sec left
CG set 973 / 1394    221.5781 GFlop/s     (221.5781 GFlop/s per process)    69%    617.0 sec left
CG set 974 / 1394    221.5781 GFlop/s     (221.5781 GFlop/s per process)    69%    615.6 sec left
CG set 975 / 1394    221.5762 GFlop/s     (221.5762 GFlop/s per process)    69%    614.2 sec left
CG set 976 / 1394    221.5776 GFlop/s     (221.5776 GFlop/s per process)    70%    612.7 sec left
CG set 977 / 1394    221.5758 GFlop/s     (221.5758 GFlop/s per process)    70%    611.3 sec left
CG set 978 / 1394    221.5771 GFlop/s     (221.5771 GFlop/s per process)    70%    609.9 sec left
CG set 979 / 1394    221.5771 GFlop/s     (221.5771 GFlop/s per process)    70%    608.5 sec left
CG set 980 / 1394    221.5767 GFlop/s     (221.5767 GFlop/s per process)    70%    607.1 sec left
CG set 981 / 1394    221.5776 GFlop/s     (221.5776 GFlop/s per process)    70%    605.6 sec left
CG set 982 / 1394    221.5773 GFlop/s     (221.5773 GFlop/s per process)    70%    604.2 sec left
CG set 983 / 1394    221.5767 GFlop/s     (221.5767 GFlop/s per process)    70%    602.8 sec left
CG set 984 / 1394    221.5749 GFlop/s     (221.5749 GFlop/s per process)    70%    601.4 sec left
CG set 985 / 1394    221.5751 GFlop/s     (221.5751 GFlop/s per process)    70%    599.9 sec left
CG set 986 / 1394    221.5763 GFlop/s     (221.5763 GFlop/s per process)    70%    598.5 sec left
CG set 987 / 1394    221.5747 GFlop/s     (221.5747 GFlop/s per process)    70%    597.1 sec left
CG set 988 / 1394    221.5758 GFlop/s     (221.5758 GFlop/s per process)    70%    595.7 sec left
CG set 989 / 1394    221.5758 GFlop/s     (221.5758 GFlop/s per process)    70%    594.3 sec left
CG set 990 / 1394    221.5759 GFlop/s     (221.5759 GFlop/s per process)    71%    592.8 sec left
CG set 991 / 1394    221.5760 GFlop/s     (221.5760 GFlop/s per process)    71%    591.4 sec left
CG set 992 / 1394    221.5782 GFlop/s     (221.5782 GFlop/s per process)    71%    590.0 sec left
CG set 993 / 1394    221.5772 GFlop/s     (221.5772 GFlop/s per process)    71%    588.6 sec left
CG set 994 / 1394    221.5784 GFlop/s     (221.5784 GFlop/s per process)    71%    587.2 sec left
CG set 995 / 1394    221.5785 GFlop/s     (221.5785 GFlop/s per process)    71%    585.7 sec left
CG set 996 / 1394    221.5768 GFlop/s     (221.5768 GFlop/s per process)    71%    584.3 sec left
CG set 997 / 1394    221.5774 GFlop/s     (221.5774 GFlop/s per process)    71%    582.9 sec left
CG set 998 / 1394    221.5781 GFlop/s     (221.5781 GFlop/s per process)    71%    581.5 sec left
CG set 999 / 1394    221.5768 GFlop/s     (221.5768 GFlop/s per process)    71%    580.0 sec left
CG set 1000 / 1394    221.5757 GFlop/s     (221.5757 GFlop/s per process)    71%    578.6 sec left
CG set 1001 / 1394    221.5745 GFlop/s     (221.5745 GFlop/s per process)    71%    577.2 sec left
CG set 1002 / 1394    221.5727 GFlop/s     (221.5727 GFlop/s per process)    71%    575.8 sec left
CG set 1003 / 1394    221.5736 GFlop/s     (221.5736 GFlop/s per process)    71%    574.3 sec left
CG set 1004 / 1394    221.5747 GFlop/s     (221.5747 GFlop/s per process)    72%    572.9 sec left
CG set 1005 / 1394    221.5742 GFlop/s     (221.5742 GFlop/s per process)    72%    571.5 sec left
CG set 1006 / 1394    221.5726 GFlop/s     (221.5726 GFlop/s per process)    72%    570.1 sec left
CG set 1007 / 1394    221.5724 GFlop/s     (221.5724 GFlop/s per process)    72%    568.6 sec left
CG set 1008 / 1394    221.5737 GFlop/s     (221.5737 GFlop/s per process)    72%    567.2 sec left
CG set 1009 / 1394    221.5738 GFlop/s     (221.5738 GFlop/s per process)    72%    565.8 sec left
CG set 1010 / 1394    221.5700 GFlop/s     (221.5700 GFlop/s per process)    72%    564.4 sec left
CG set 1011 / 1394    221.5690 GFlop/s     (221.5690 GFlop/s per process)    72%    562.9 sec left
CG set 1012 / 1394    221.5689 GFlop/s     (221.5689 GFlop/s per process)    72%    561.5 sec left
CG set 1013 / 1394    221.5684 GFlop/s     (221.5684 GFlop/s per process)    72%    560.1 sec left
CG set 1014 / 1394    221.5678 GFlop/s     (221.5678 GFlop/s per process)    72%    558.7 sec left
CG set 1015 / 1394    221.5700 GFlop/s     (221.5700 GFlop/s per process)    72%    557.3 sec left
CG set 1016 / 1394    221.5690 GFlop/s     (221.5690 GFlop/s per process)    72%    555.8 sec left
CG set 1017 / 1394    221.5703 GFlop/s     (221.5703 GFlop/s per process)    72%    554.4 sec left
CG set 1018 / 1394    221.5687 GFlop/s     (221.5687 GFlop/s per process)    73%    553.0 sec left
CG set 1019 / 1394    221.5698 GFlop/s     (221.5698 GFlop/s per process)    73%    551.6 sec left
CG set 1020 / 1394    221.5699 GFlop/s     (221.5699 GFlop/s per process)    73%    550.1 sec left
CG set 1021 / 1394    221.5699 GFlop/s     (221.5699 GFlop/s per process)    73%    548.7 sec left
CG set 1022 / 1394    221.5700 GFlop/s     (221.5700 GFlop/s per process)    73%    547.3 sec left
CG set 1023 / 1394    221.5683 GFlop/s     (221.5683 GFlop/s per process)    73%    545.9 sec left
CG set 1024 / 1394    221.5683 GFlop/s     (221.5683 GFlop/s per process)    73%    544.5 sec left
CG set 1025 / 1394    221.5696 GFlop/s     (221.5696 GFlop/s per process)    73%    543.0 sec left
CG set 1026 / 1394    221.5716 GFlop/s     (221.5716 GFlop/s per process)    73%    541.6 sec left
CG set 1027 / 1394    221.5708 GFlop/s     (221.5708 GFlop/s per process)    73%    540.2 sec left
CG set 1028 / 1394    221.5720 GFlop/s     (221.5720 GFlop/s per process)    73%    538.8 sec left
CG set 1029 / 1394    221.5720 GFlop/s     (221.5720 GFlop/s per process)    73%    537.4 sec left
CG set 1030 / 1394    221.5704 GFlop/s     (221.5704 GFlop/s per process)    73%    535.9 sec left
CG set 1031 / 1394    221.5716 GFlop/s     (221.5716 GFlop/s per process)    73%    534.5 sec left
CG set 1032 / 1394    221.5717 GFlop/s     (221.5717 GFlop/s per process)    74%    533.1 sec left
CG set 1033 / 1394    221.5698 GFlop/s     (221.5698 GFlop/s per process)    74%    531.7 sec left
CG set 1034 / 1394    221.5696 GFlop/s     (221.5696 GFlop/s per process)    74%    530.2 sec left
CG set 1035 / 1394    221.5707 GFlop/s     (221.5707 GFlop/s per process)    74%    528.8 sec left
CG set 1036 / 1394    221.5713 GFlop/s     (221.5713 GFlop/s per process)    74%    527.4 sec left
CG set 1037 / 1394    221.5714 GFlop/s     (221.5714 GFlop/s per process)    74%    526.0 sec left
CG set 1038 / 1394    221.5734 GFlop/s     (221.5734 GFlop/s per process)    74%    524.6 sec left
CG set 1039 / 1394    221.5726 GFlop/s     (221.5726 GFlop/s per process)    74%    523.2 sec left
CG set 1040 / 1394    221.5727 GFlop/s     (221.5727 GFlop/s per process)    74%    521.7 sec left
CG set 1041 / 1394    221.5727 GFlop/s     (221.5727 GFlop/s per process)    74%    520.3 sec left
CG set 1042 / 1394    221.5740 GFlop/s     (221.5740 GFlop/s per process)    74%    518.9 sec left
CG set 1043 / 1394    221.5740 GFlop/s     (221.5740 GFlop/s per process)    74%    517.5 sec left
CG set 1044 / 1394    221.5742 GFlop/s     (221.5742 GFlop/s per process)    74%    516.1 sec left
CG set 1045 / 1394    221.5747 GFlop/s     (221.5747 GFlop/s per process)    74%    514.6 sec left
CG set 1046 / 1394    221.5747 GFlop/s     (221.5747 GFlop/s per process)    75%    513.2 sec left
CG set 1047 / 1394    221.5760 GFlop/s     (221.5760 GFlop/s per process)    75%    511.8 sec left
CG set 1048 / 1394    221.5766 GFlop/s     (221.5766 GFlop/s per process)    75%    510.4 sec left
CG set 1049 / 1394    221.5786 GFlop/s     (221.5786 GFlop/s per process)    75%    509.0 sec left
CG set 1050 / 1394    221.5772 GFlop/s     (221.5772 GFlop/s per process)    75%    507.6 sec left
CG set 1051 / 1394    221.5774 GFlop/s     (221.5774 GFlop/s per process)    75%    506.1 sec left
CG set 1052 / 1394    221.5776 GFlop/s     (221.5776 GFlop/s per process)    75%    504.7 sec left
CG set 1053 / 1394    221.5779 GFlop/s     (221.5779 GFlop/s per process)    75%    503.3 sec left
CG set 1054 / 1394    221.5779 GFlop/s     (221.5779 GFlop/s per process)    75%    501.9 sec left
CG set 1055 / 1394    221.5781 GFlop/s     (221.5781 GFlop/s per process)    75%    500.5 sec left
CG set 1056 / 1394    221.5793 GFlop/s     (221.5793 GFlop/s per process)    75%    499.0 sec left
CG set 1057 / 1394    221.5780 GFlop/s     (221.5780 GFlop/s per process)    75%    497.6 sec left
CG set 1058 / 1394    221.5778 GFlop/s     (221.5778 GFlop/s per process)    75%    496.2 sec left
CG set 1059 / 1394    221.5778 GFlop/s     (221.5778 GFlop/s per process)    75%    494.8 sec left
CG set 1060 / 1394    221.5778 GFlop/s     (221.5778 GFlop/s per process)    76%    493.3 sec left
CG set 1061 / 1394    221.5798 GFlop/s     (221.5798 GFlop/s per process)    76%    491.9 sec left
CG set 1062 / 1394    221.5779 GFlop/s     (221.5779 GFlop/s per process)    76%    490.5 sec left
CG set 1063 / 1394    221.5773 GFlop/s     (221.5773 GFlop/s per process)    76%    489.1 sec left
CG set 1064 / 1394    221.5758 GFlop/s     (221.5758 GFlop/s per process)    76%    487.6 sec left
CG set 1065 / 1394    221.5768 GFlop/s     (221.5768 GFlop/s per process)    76%    486.2 sec left
CG set 1066 / 1394    221.5769 GFlop/s     (221.5769 GFlop/s per process)    76%    484.8 sec left
CG set 1067 / 1394    221.5769 GFlop/s     (221.5769 GFlop/s per process)    76%    483.4 sec left
CG set 1068 / 1394    221.5755 GFlop/s     (221.5755 GFlop/s per process)    76%    482.0 sec left
CG set 1069 / 1394    221.5752 GFlop/s     (221.5752 GFlop/s per process)    76%    480.5 sec left
CG set 1070 / 1394    221.5731 GFlop/s     (221.5731 GFlop/s per process)    76%    479.1 sec left
CG set 1071 / 1394    221.5726 GFlop/s     (221.5726 GFlop/s per process)    76%    477.7 sec left
CG set 1072 / 1394    221.5746 GFlop/s     (221.5746 GFlop/s per process)    76%    476.3 sec left
CG set 1073 / 1394    221.5728 GFlop/s     (221.5728 GFlop/s per process)    76%    474.8 sec left
CG set 1074 / 1394    221.5726 GFlop/s     (221.5726 GFlop/s per process)    77%    473.4 sec left
CG set 1075 / 1394    221.5725 GFlop/s     (221.5725 GFlop/s per process)    77%    472.0 sec left
CG set 1076 / 1394    221.5724 GFlop/s     (221.5724 GFlop/s per process)    77%    470.6 sec left
CG set 1077 / 1394    221.5723 GFlop/s     (221.5723 GFlop/s per process)    77%    469.1 sec left
CG set 1078 / 1394    221.5721 GFlop/s     (221.5721 GFlop/s per process)    77%    467.7 sec left
CG set 1079 / 1394    221.5720 GFlop/s     (221.5720 GFlop/s per process)    77%    466.3 sec left
CG set 1080 / 1394    221.5732 GFlop/s     (221.5732 GFlop/s per process)    77%    464.9 sec left
CG set 1081 / 1394    221.5737 GFlop/s     (221.5737 GFlop/s per process)    77%    463.5 sec left
CG set 1082 / 1394    221.5744 GFlop/s     (221.5744 GFlop/s per process)    77%    462.1 sec left
CG set 1083 / 1394    221.5744 GFlop/s     (221.5744 GFlop/s per process)    77%    460.6 sec left
CG set 1084 / 1394    221.5764 GFlop/s     (221.5764 GFlop/s per process)    77%    459.2 sec left
CG set 1085 / 1394    221.5756 GFlop/s     (221.5756 GFlop/s per process)    77%    457.8 sec left
CG set 1086 / 1394    221.5734 GFlop/s     (221.5734 GFlop/s per process)    77%    456.4 sec left
CG set 1087 / 1394    221.5746 GFlop/s     (221.5746 GFlop/s per process)    77%    454.9 sec left
CG set 1088 / 1394    221.5746 GFlop/s     (221.5746 GFlop/s per process)    78%    453.5 sec left
CG set 1089 / 1394    221.5733 GFlop/s     (221.5733 GFlop/s per process)    78%    452.1 sec left
CG set 1090 / 1394    221.5737 GFlop/s     (221.5737 GFlop/s per process)    78%    450.7 sec left
CG set 1091 / 1394    221.5723 GFlop/s     (221.5723 GFlop/s per process)    78%    449.2 sec left
CG set 1092 / 1394    221.5721 GFlop/s     (221.5721 GFlop/s per process)    78%    447.8 sec left
CG set 1093 / 1394    221.5721 GFlop/s     (221.5721 GFlop/s per process)    78%    446.4 sec left
CG set 1094 / 1394    221.5733 GFlop/s     (221.5733 GFlop/s per process)    78%    445.0 sec left
CG set 1095 / 1394    221.5735 GFlop/s     (221.5735 GFlop/s per process)    78%    443.6 sec left
CG set 1096 / 1394    221.5741 GFlop/s     (221.5741 GFlop/s per process)    78%    442.2 sec left
CG set 1097 / 1394    221.5745 GFlop/s     (221.5745 GFlop/s per process)    78%    440.7 sec left
CG set 1098 / 1394    221.5751 GFlop/s     (221.5751 GFlop/s per process)    78%    439.3 sec left
CG set 1099 / 1394    221.5756 GFlop/s     (221.5756 GFlop/s per process)    78%    437.9 sec left
CG set 1100 / 1394    221.5755 GFlop/s     (221.5755 GFlop/s per process)    78%    436.5 sec left
CG set 1101 / 1394    221.5758 GFlop/s     (221.5758 GFlop/s per process)    78%    435.1 sec left
CG set 1102 / 1394    221.5764 GFlop/s     (221.5764 GFlop/s per process)    79%    433.6 sec left
CG set 1103 / 1394    221.5775 GFlop/s     (221.5775 GFlop/s per process)    79%    432.2 sec left
CG set 1104 / 1394    221.5776 GFlop/s     (221.5776 GFlop/s per process)    79%    430.8 sec left
CG set 1105 / 1394    221.5776 GFlop/s     (221.5776 GFlop/s per process)    79%    429.4 sec left
CG set 1106 / 1394    221.5761 GFlop/s     (221.5761 GFlop/s per process)    79%    428.0 sec left
CG set 1107 / 1394    221.5780 GFlop/s     (221.5780 GFlop/s per process)    79%    426.5 sec left
CG set 1108 / 1394    221.5761 GFlop/s     (221.5761 GFlop/s per process)    79%    425.1 sec left
CG set 1109 / 1394    221.5756 GFlop/s     (221.5756 GFlop/s per process)    79%    423.7 sec left
CG set 1110 / 1394    221.5741 GFlop/s     (221.5741 GFlop/s per process)    79%    422.3 sec left
CG set 1111 / 1394    221.5747 GFlop/s     (221.5747 GFlop/s per process)    79%    420.8 sec left
CG set 1112 / 1394    221.5752 GFlop/s     (221.5752 GFlop/s per process)    79%    419.4 sec left
CG set 1113 / 1394    221.5764 GFlop/s     (221.5764 GFlop/s per process)    79%    418.0 sec left
CG set 1114 / 1394    221.5764 GFlop/s     (221.5764 GFlop/s per process)    79%    416.6 sec left
CG set 1115 / 1394    221.5749 GFlop/s     (221.5749 GFlop/s per process)    79%    415.2 sec left
CG set 1116 / 1394    221.5749 GFlop/s     (221.5749 GFlop/s per process)    80%    413.7 sec left
CG set 1117 / 1394    221.5761 GFlop/s     (221.5761 GFlop/s per process)    80%    412.3 sec left
CG set 1118 / 1394    221.5762 GFlop/s     (221.5762 GFlop/s per process)    80%    410.9 sec left
CG set 1119 / 1394    221.5769 GFlop/s     (221.5769 GFlop/s per process)    80%    409.5 sec left
CG set 1120 / 1394    221.5776 GFlop/s     (221.5776 GFlop/s per process)    80%    408.1 sec left
CG set 1121 / 1394    221.5783 GFlop/s     (221.5783 GFlop/s per process)    80%    406.6 sec left
CG set 1122 / 1394    221.5794 GFlop/s     (221.5794 GFlop/s per process)    80%    405.2 sec left
CG set 1123 / 1394    221.5797 GFlop/s     (221.5797 GFlop/s per process)    80%    403.8 sec left
CG set 1124 / 1394    221.5795 GFlop/s     (221.5795 GFlop/s per process)    80%    402.4 sec left
CG set 1125 / 1394    221.5786 GFlop/s     (221.5786 GFlop/s per process)    80%    401.0 sec left
CG set 1126 / 1394    221.5798 GFlop/s     (221.5798 GFlop/s per process)    80%    399.6 sec left
CG set 1127 / 1394    221.5801 GFlop/s     (221.5801 GFlop/s per process)    80%    398.1 sec left
CG set 1128 / 1394    221.5803 GFlop/s     (221.5803 GFlop/s per process)    80%    396.7 sec left
CG set 1129 / 1394    221.5815 GFlop/s     (221.5815 GFlop/s per process)    80%    395.3 sec left
CG set 1130 / 1394    221.5834 GFlop/s     (221.5834 GFlop/s per process)    81%    393.9 sec left
CG set 1131 / 1394    221.5825 GFlop/s     (221.5825 GFlop/s per process)    81%    392.5 sec left
CG set 1132 / 1394    221.5821 GFlop/s     (221.5821 GFlop/s per process)    81%    391.0 sec left
CG set 1133 / 1394    221.5822 GFlop/s     (221.5822 GFlop/s per process)    81%    389.6 sec left
CG set 1134 / 1394    221.5835 GFlop/s     (221.5835 GFlop/s per process)    81%    388.2 sec left
CG set 1135 / 1394    221.5837 GFlop/s     (221.5837 GFlop/s per process)    81%    386.8 sec left
CG set 1136 / 1394    221.5839 GFlop/s     (221.5839 GFlop/s per process)    81%    385.4 sec left
CG set 1137 / 1394    221.5841 GFlop/s     (221.5841 GFlop/s per process)    81%    383.9 sec left
CG set 1138 / 1394    221.5826 GFlop/s     (221.5826 GFlop/s per process)    81%    382.5 sec left
CG set 1139 / 1394    221.5825 GFlop/s     (221.5825 GFlop/s per process)    81%    381.1 sec left
CG set 1140 / 1394    221.5837 GFlop/s     (221.5837 GFlop/s per process)    81%    379.7 sec left
CG set 1141 / 1394    221.5837 GFlop/s     (221.5837 GFlop/s per process)    81%    378.3 sec left
CG set 1142 / 1394    221.5856 GFlop/s     (221.5856 GFlop/s per process)    81%    376.9 sec left
CG set 1143 / 1394    221.5850 GFlop/s     (221.5850 GFlop/s per process)    81%    375.4 sec left
CG set 1144 / 1394    221.5848 GFlop/s     (221.5848 GFlop/s per process)    82%    374.0 sec left
CG set 1145 / 1394    221.5859 GFlop/s     (221.5859 GFlop/s per process)    82%    372.6 sec left
CG set 1146 / 1394    221.5860 GFlop/s     (221.5860 GFlop/s per process)    82%    371.2 sec left
CG set 1147 / 1394    221.5860 GFlop/s     (221.5860 GFlop/s per process)    82%    369.7 sec left
CG set 1148 / 1394    221.5860 GFlop/s     (221.5860 GFlop/s per process)    82%    368.3 sec left
CG set 1149 / 1394    221.5856 GFlop/s     (221.5856 GFlop/s per process)    82%    366.9 sec left
CG set 1150 / 1394    221.5856 GFlop/s     (221.5856 GFlop/s per process)    82%    365.5 sec left
CG set 1151 / 1394    221.5867 GFlop/s     (221.5867 GFlop/s per process)    82%    364.1 sec left
CG set 1152 / 1394    221.5867 GFlop/s     (221.5867 GFlop/s per process)    82%    362.6 sec left
CG set 1153 / 1394    221.5886 GFlop/s     (221.5886 GFlop/s per process)    82%    361.2 sec left
CG set 1154 / 1394    221.5878 GFlop/s     (221.5878 GFlop/s per process)    82%    359.8 sec left
CG set 1155 / 1394    221.5883 GFlop/s     (221.5883 GFlop/s per process)    82%    358.4 sec left
CG set 1156 / 1394    221.5894 GFlop/s     (221.5894 GFlop/s per process)    82%    357.0 sec left
CG set 1157 / 1394    221.5895 GFlop/s     (221.5895 GFlop/s per process)    82%    355.6 sec left
CG set 1158 / 1394    221.5880 GFlop/s     (221.5880 GFlop/s per process)    83%    354.1 sec left
CG set 1159 / 1394    221.5880 GFlop/s     (221.5880 GFlop/s per process)    83%    352.7 sec left
CG set 1160 / 1394    221.5880 GFlop/s     (221.5880 GFlop/s per process)    83%    351.3 sec left
CG set 1161 / 1394    221.5882 GFlop/s     (221.5882 GFlop/s per process)    83%    349.9 sec left
CG set 1162 / 1394    221.5886 GFlop/s     (221.5886 GFlop/s per process)    83%    348.4 sec left
CG set 1163 / 1394    221.5892 GFlop/s     (221.5892 GFlop/s per process)    83%    347.0 sec left
CG set 1164 / 1394    221.5904 GFlop/s     (221.5904 GFlop/s per process)    83%    345.6 sec left
CG set 1165 / 1394    221.5910 GFlop/s     (221.5910 GFlop/s per process)    83%    344.2 sec left
CG set 1166 / 1394    221.5898 GFlop/s     (221.5898 GFlop/s per process)    83%    342.8 sec left
CG set 1167 / 1394    221.5893 GFlop/s     (221.5893 GFlop/s per process)    83%    341.3 sec left
CG set 1168 / 1394    221.5878 GFlop/s     (221.5878 GFlop/s per process)    83%    339.9 sec left
CG set 1169 / 1394    221.5879 GFlop/s     (221.5879 GFlop/s per process)    83%    338.5 sec left
CG set 1170 / 1394    221.5884 GFlop/s     (221.5884 GFlop/s per process)    83%    337.1 sec left
CG set 1171 / 1394    221.5884 GFlop/s     (221.5884 GFlop/s per process)    84%    335.7 sec left
CG set 1172 / 1394    221.5895 GFlop/s     (221.5895 GFlop/s per process)    84%    334.2 sec left
CG set 1173 / 1394    221.5896 GFlop/s     (221.5896 GFlop/s per process)    84%    332.8 sec left
CG set 1174 / 1394    221.5896 GFlop/s     (221.5896 GFlop/s per process)    84%    331.4 sec left
CG set 1175 / 1394    221.5880 GFlop/s     (221.5880 GFlop/s per process)    84%    330.0 sec left
CG set 1176 / 1394    221.5898 GFlop/s     (221.5898 GFlop/s per process)    84%    328.6 sec left
CG set 1177 / 1394    221.5881 GFlop/s     (221.5881 GFlop/s per process)    84%    327.1 sec left
CG set 1178 / 1394    221.5867 GFlop/s     (221.5867 GFlop/s per process)    84%    325.7 sec left
CG set 1179 / 1394    221.5867 GFlop/s     (221.5867 GFlop/s per process)    84%    324.3 sec left
CG set 1180 / 1394    221.5878 GFlop/s     (221.5878 GFlop/s per process)    84%    322.9 sec left
CG set 1181 / 1394    221.5883 GFlop/s     (221.5883 GFlop/s per process)    84%    321.4 sec left
CG set 1182 / 1394    221.5883 GFlop/s     (221.5883 GFlop/s per process)    84%    320.0 sec left
CG set 1183 / 1394    221.5889 GFlop/s     (221.5889 GFlop/s per process)    84%    318.6 sec left
CG set 1184 / 1394    221.5889 GFlop/s     (221.5889 GFlop/s per process)    84%    317.2 sec left
CG set 1185 / 1394    221.5888 GFlop/s     (221.5888 GFlop/s per process)    85%    315.8 sec left
CG set 1186 / 1394    221.5888 GFlop/s     (221.5888 GFlop/s per process)    85%    314.3 sec left
CG set 1187 / 1394    221.5887 GFlop/s     (221.5887 GFlop/s per process)    85%    312.9 sec left
CG set 1188 / 1394    221.5905 GFlop/s     (221.5905 GFlop/s per process)    85%    311.5 sec left
CG set 1189 / 1394    221.5897 GFlop/s     (221.5897 GFlop/s per process)    85%    310.1 sec left
CG set 1190 / 1394    221.5886 GFlop/s     (221.5886 GFlop/s per process)    85%    308.7 sec left
CG set 1191 / 1394    221.5882 GFlop/s     (221.5882 GFlop/s per process)    85%    307.2 sec left
CG set 1192 / 1394    221.5877 GFlop/s     (221.5877 GFlop/s per process)    85%    305.8 sec left
CG set 1193 / 1394    221.5871 GFlop/s     (221.5871 GFlop/s per process)    85%    304.4 sec left
CG set 1194 / 1394    221.5859 GFlop/s     (221.5859 GFlop/s per process)    85%    302.9 sec left
CG set 1195 / 1394    221.5867 GFlop/s     (221.5867 GFlop/s per process)    85%    301.5 sec left
CG set 1196 / 1394    221.5868 GFlop/s     (221.5868 GFlop/s per process)    85%    300.1 sec left
CG set 1197 / 1394    221.5868 GFlop/s     (221.5868 GFlop/s per process)    85%    298.7 sec left
CG set 1198 / 1394    221.5868 GFlop/s     (221.5868 GFlop/s per process)    85%    297.3 sec left
CG set 1199 / 1394    221.5886 GFlop/s     (221.5886 GFlop/s per process)    86%    295.9 sec left
CG set 1200 / 1394    221.5879 GFlop/s     (221.5879 GFlop/s per process)    86%    294.4 sec left
CG set 1201 / 1394    221.5889 GFlop/s     (221.5889 GFlop/s per process)    86%    293.0 sec left
CG set 1202 / 1394    221.5889 GFlop/s     (221.5889 GFlop/s per process)    86%    291.6 sec left
CG set 1203 / 1394    221.5875 GFlop/s     (221.5875 GFlop/s per process)    86%    290.2 sec left
CG set 1204 / 1394    221.5876 GFlop/s     (221.5876 GFlop/s per process)    86%    288.7 sec left
CG set 1205 / 1394    221.5875 GFlop/s     (221.5875 GFlop/s per process)    86%    287.3 sec left
CG set 1206 / 1394    221.5876 GFlop/s     (221.5876 GFlop/s per process)    86%    285.9 sec left
CG set 1207 / 1394    221.5877 GFlop/s     (221.5877 GFlop/s per process)    86%    284.5 sec left
CG set 1208 / 1394    221.5887 GFlop/s     (221.5887 GFlop/s per process)    86%    283.1 sec left
CG set 1209 / 1394    221.5887 GFlop/s     (221.5887 GFlop/s per process)    86%    281.6 sec left
CG set 1210 / 1394    221.5899 GFlop/s     (221.5899 GFlop/s per process)    86%    280.2 sec left
CG set 1211 / 1394    221.5916 GFlop/s     (221.5916 GFlop/s per process)    86%    278.8 sec left
CG set 1212 / 1394    221.5903 GFlop/s     (221.5903 GFlop/s per process)    86%    277.4 sec left
CG set 1213 / 1394    221.5893 GFlop/s     (221.5893 GFlop/s per process)    87%    276.0 sec left
CG set 1214 / 1394    221.5889 GFlop/s     (221.5889 GFlop/s per process)    87%    274.5 sec left
CG set 1215 / 1394    221.5873 GFlop/s     (221.5873 GFlop/s per process)    87%    273.1 sec left
CG set 1216 / 1394    221.5884 GFlop/s     (221.5884 GFlop/s per process)    87%    271.7 sec left
CG set 1217 / 1394    221.5885 GFlop/s     (221.5885 GFlop/s per process)    87%    270.3 sec left
CG set 1218 / 1394    221.5885 GFlop/s     (221.5885 GFlop/s per process)    87%    268.9 sec left
CG set 1219 / 1394    221.5871 GFlop/s     (221.5871 GFlop/s per process)    87%    267.4 sec left
CG set 1220 / 1394    221.5872 GFlop/s     (221.5872 GFlop/s per process)    87%    266.0 sec left
CG set 1221 / 1394    221.5872 GFlop/s     (221.5872 GFlop/s per process)    87%    264.6 sec left
CG set 1222 / 1394    221.5889 GFlop/s     (221.5889 GFlop/s per process)    87%    263.2 sec left
CG set 1223 / 1394    221.5882 GFlop/s     (221.5882 GFlop/s per process)    87%    261.7 sec left
CG set 1224 / 1394    221.5868 GFlop/s     (221.5868 GFlop/s per process)    87%    260.3 sec left
CG set 1225 / 1394    221.5863 GFlop/s     (221.5863 GFlop/s per process)    87%    258.9 sec left
CG set 1226 / 1394    221.5869 GFlop/s     (221.5869 GFlop/s per process)    87%    257.5 sec left
CG set 1227 / 1394    221.5869 GFlop/s     (221.5869 GFlop/s per process)    88%    256.1 sec left
CG set 1228 / 1394    221.5874 GFlop/s     (221.5874 GFlop/s per process)    88%    254.6 sec left
CG set 1229 / 1394    221.5875 GFlop/s     (221.5875 GFlop/s per process)    88%    253.2 sec left
CG set 1230 / 1394    221.5879 GFlop/s     (221.5879 GFlop/s per process)    88%    251.8 sec left
CG set 1231 / 1394    221.5890 GFlop/s     (221.5890 GFlop/s per process)    88%    250.4 sec left
CG set 1232 / 1394    221.5890 GFlop/s     (221.5890 GFlop/s per process)    88%    249.0 sec left
CG set 1233 / 1394    221.5885 GFlop/s     (221.5885 GFlop/s per process)    88%    247.5 sec left
CG set 1234 / 1394    221.5903 GFlop/s     (221.5903 GFlop/s per process)    88%    246.1 sec left
CG set 1235 / 1394    221.5905 GFlop/s     (221.5905 GFlop/s per process)    88%    244.7 sec left
CG set 1236 / 1394    221.5905 GFlop/s     (221.5905 GFlop/s per process)    88%    243.3 sec left
CG set 1237 / 1394    221.5906 GFlop/s     (221.5906 GFlop/s per process)    88%    241.9 sec left
CG set 1238 / 1394    221.5906 GFlop/s     (221.5906 GFlop/s per process)    88%    240.4 sec left
CG set 1239 / 1394    221.5893 GFlop/s     (221.5893 GFlop/s per process)    88%    239.0 sec left
CG set 1240 / 1394    221.5892 GFlop/s     (221.5892 GFlop/s per process)    88%    237.6 sec left
CG set 1241 / 1394    221.5902 GFlop/s     (221.5902 GFlop/s per process)    89%    236.2 sec left
CG set 1242 / 1394    221.5920 GFlop/s     (221.5920 GFlop/s per process)    89%    234.8 sec left
CG set 1243 / 1394    221.5905 GFlop/s     (221.5905 GFlop/s per process)    89%    233.3 sec left
CG set 1244 / 1394    221.5900 GFlop/s     (221.5900 GFlop/s per process)    89%    231.9 sec left
CG set 1245 / 1394    221.5889 GFlop/s     (221.5889 GFlop/s per process)    89%    230.5 sec left
CG set 1246 / 1394    221.5871 GFlop/s     (221.5871 GFlop/s per process)    89%    229.0 sec left
CG set 1247 / 1394    221.5871 GFlop/s     (221.5871 GFlop/s per process)    89%    227.6 sec left
CG set 1248 / 1394    221.5876 GFlop/s     (221.5876 GFlop/s per process)    89%    226.2 sec left
CG set 1249 / 1394    221.5875 GFlop/s     (221.5875 GFlop/s per process)    89%    224.8 sec left
CG set 1250 / 1394    221.5892 GFlop/s     (221.5892 GFlop/s per process)    89%    223.4 sec left
CG set 1251 / 1394    221.5883 GFlop/s     (221.5883 GFlop/s per process)    89%    222.0 sec left
CG set 1252 / 1394    221.5869 GFlop/s     (221.5869 GFlop/s per process)    89%    220.5 sec left
CG set 1253 / 1394    221.5853 GFlop/s     (221.5853 GFlop/s per process)    89%    219.1 sec left
CG set 1254 / 1394    221.5849 GFlop/s     (221.5849 GFlop/s per process)    89%    217.7 sec left
CG set 1255 / 1394    221.5839 GFlop/s     (221.5839 GFlop/s per process)    90%    216.2 sec left
CG set 1256 / 1394    221.5836 GFlop/s     (221.5836 GFlop/s per process)    90%    214.8 sec left
CG set 1257 / 1394    221.5834 GFlop/s     (221.5834 GFlop/s per process)    90%    213.4 sec left
CG set 1258 / 1394    221.5845 GFlop/s     (221.5845 GFlop/s per process)    90%    212.0 sec left
CG set 1259 / 1394    221.5845 GFlop/s     (221.5845 GFlop/s per process)    90%    210.5 sec left
CG set 1260 / 1394    221.5831 GFlop/s     (221.5831 GFlop/s per process)    90%    209.1 sec left
CG set 1261 / 1394    221.5832 GFlop/s     (221.5832 GFlop/s per process)    90%    207.7 sec left
CG set 1262 / 1394    221.5850 GFlop/s     (221.5850 GFlop/s per process)    90%    206.3 sec left
CG set 1263 / 1394    221.5842 GFlop/s     (221.5842 GFlop/s per process)    90%    204.9 sec left
CG set 1264 / 1394    221.5832 GFlop/s     (221.5832 GFlop/s per process)    90%    203.4 sec left
CG set 1265 / 1394    221.5828 GFlop/s     (221.5828 GFlop/s per process)    90%    202.0 sec left
CG set 1266 / 1394    221.5829 GFlop/s     (221.5829 GFlop/s per process)    90%    200.6 sec left
CG set 1267 / 1394    221.5846 GFlop/s     (221.5846 GFlop/s per process)    90%    199.2 sec left
CG set 1268 / 1394    221.5829 GFlop/s     (221.5829 GFlop/s per process)    90%    197.7 sec left
CG set 1269 / 1394    221.5831 GFlop/s     (221.5831 GFlop/s per process)    91%    196.3 sec left
CG set 1270 / 1394    221.5830 GFlop/s     (221.5830 GFlop/s per process)    91%    194.9 sec left
CG set 1271 / 1394    221.5841 GFlop/s     (221.5841 GFlop/s per process)    91%    193.5 sec left
CG set 1272 / 1394    221.5842 GFlop/s     (221.5842 GFlop/s per process)    91%    192.1 sec left
CG set 1273 / 1394    221.5841 GFlop/s     (221.5841 GFlop/s per process)    91%    190.6 sec left
CG set 1274 / 1394    221.5841 GFlop/s     (221.5841 GFlop/s per process)    91%    189.2 sec left
CG set 1275 / 1394    221.5851 GFlop/s     (221.5851 GFlop/s per process)    91%    187.8 sec left
CG set 1276 / 1394    221.5838 GFlop/s     (221.5838 GFlop/s per process)    91%    186.4 sec left
CG set 1277 / 1394    221.5855 GFlop/s     (221.5855 GFlop/s per process)    91%    185.0 sec left
CG set 1278 / 1394    221.5839 GFlop/s     (221.5839 GFlop/s per process)    91%    183.5 sec left
CG set 1279 / 1394    221.5848 GFlop/s     (221.5848 GFlop/s per process)    91%    182.1 sec left
CG set 1280 / 1394    221.5848 GFlop/s     (221.5848 GFlop/s per process)    91%    180.7 sec left
CG set 1281 / 1394    221.5848 GFlop/s     (221.5848 GFlop/s per process)    91%    179.3 sec left
CG set 1282 / 1394    221.5835 GFlop/s     (221.5835 GFlop/s per process)    91%    177.8 sec left
CG set 1283 / 1394    221.5836 GFlop/s     (221.5836 GFlop/s per process)    92%    176.4 sec left
CG set 1284 / 1394    221.5835 GFlop/s     (221.5835 GFlop/s per process)    92%    175.0 sec left
CG set 1285 / 1394    221.5845 GFlop/s     (221.5845 GFlop/s per process)    92%    173.6 sec left
CG set 1286 / 1394    221.5832 GFlop/s     (221.5832 GFlop/s per process)    92%    172.2 sec left
CG set 1287 / 1394    221.5837 GFlop/s     (221.5837 GFlop/s per process)    92%    170.7 sec left
CG set 1288 / 1394    221.5837 GFlop/s     (221.5837 GFlop/s per process)    92%    169.3 sec left
CG set 1289 / 1394    221.5853 GFlop/s     (221.5853 GFlop/s per process)    92%    167.9 sec left
CG set 1290 / 1394    221.5837 GFlop/s     (221.5837 GFlop/s per process)    92%    166.5 sec left
CG set 1291 / 1394    221.5833 GFlop/s     (221.5833 GFlop/s per process)    92%    165.1 sec left
CG set 1292 / 1394    221.5820 GFlop/s     (221.5820 GFlop/s per process)    92%    163.6 sec left
CG set 1293 / 1394    221.5824 GFlop/s     (221.5824 GFlop/s per process)    92%    162.2 sec left
CG set 1294 / 1394    221.5831 GFlop/s     (221.5831 GFlop/s per process)    92%    160.8 sec left
CG set 1295 / 1394    221.5835 GFlop/s     (221.5835 GFlop/s per process)    92%    159.4 sec left
CG set 1296 / 1394    221.5840 GFlop/s     (221.5840 GFlop/s per process)    92%    158.0 sec left
CG set 1297 / 1394    221.5841 GFlop/s     (221.5841 GFlop/s per process)    93%    156.5 sec left
CG set 1298 / 1394    221.5841 GFlop/s     (221.5841 GFlop/s per process)    93%    155.1 sec left
CG set 1299 / 1394    221.5850 GFlop/s     (221.5850 GFlop/s per process)    93%    153.7 sec left
CG set 1300 / 1394    221.5866 GFlop/s     (221.5866 GFlop/s per process)    93%    152.3 sec left
CG set 1301 / 1394    221.5861 GFlop/s     (221.5861 GFlop/s per process)    93%    150.9 sec left
CG set 1302 / 1394    221.5870 GFlop/s     (221.5870 GFlop/s per process)    93%    149.5 sec left
CG set 1303 / 1394    221.5870 GFlop/s     (221.5870 GFlop/s per process)    93%    148.0 sec left
CG set 1304 / 1394    221.5857 GFlop/s     (221.5857 GFlop/s per process)    93%    146.6 sec left
CG set 1305 / 1394    221.5849 GFlop/s     (221.5849 GFlop/s per process)    93%    145.2 sec left
CG set 1306 / 1394    221.5848 GFlop/s     (221.5848 GFlop/s per process)    93%    143.7 sec left
CG set 1307 / 1394    221.5852 GFlop/s     (221.5852 GFlop/s per process)    93%    142.3 sec left
CG set 1308 / 1394    221.5862 GFlop/s     (221.5862 GFlop/s per process)    93%    140.9 sec left
CG set 1309 / 1394    221.5863 GFlop/s     (221.5863 GFlop/s per process)    93%    139.5 sec left
CG set 1310 / 1394    221.5850 GFlop/s     (221.5850 GFlop/s per process)    93%    138.1 sec left
CG set 1311 / 1394    221.5850 GFlop/s     (221.5850 GFlop/s per process)    94%    136.6 sec left
CG set 1312 / 1394    221.5867 GFlop/s     (221.5867 GFlop/s per process)    94%    135.2 sec left
CG set 1313 / 1394    221.5854 GFlop/s     (221.5854 GFlop/s per process)    94%    133.8 sec left
CG set 1314 / 1394    221.5846 GFlop/s     (221.5846 GFlop/s per process)    94%    132.4 sec left
CG set 1315 / 1394    221.5832 GFlop/s     (221.5832 GFlop/s per process)    94%    130.9 sec left
CG set 1316 / 1394    221.5842 GFlop/s     (221.5842 GFlop/s per process)    94%    129.5 sec left
CG set 1317 / 1394    221.5829 GFlop/s     (221.5829 GFlop/s per process)    94%    128.1 sec left
CG set 1318 / 1394    221.5829 GFlop/s     (221.5829 GFlop/s per process)    94%    126.7 sec left
CG set 1319 / 1394    221.5830 GFlop/s     (221.5830 GFlop/s per process)    94%    125.3 sec left
CG set 1320 / 1394    221.5833 GFlop/s     (221.5833 GFlop/s per process)    94%    123.8 sec left
CG set 1321 / 1394    221.5832 GFlop/s     (221.5832 GFlop/s per process)    94%    122.4 sec left
CG set 1322 / 1394    221.5833 GFlop/s     (221.5833 GFlop/s per process)    94%    121.0 sec left
CG set 1323 / 1394    221.5849 GFlop/s     (221.5849 GFlop/s per process)    94%    119.6 sec left
CG set 1324 / 1394    221.5835 GFlop/s     (221.5835 GFlop/s per process)    94%    118.2 sec left
CG set 1325 / 1394    221.5826 GFlop/s     (221.5826 GFlop/s per process)    95%    116.7 sec left
CG set 1326 / 1394    221.5831 GFlop/s     (221.5831 GFlop/s per process)    95%    115.3 sec left
CG set 1327 / 1394    221.5841 GFlop/s     (221.5841 GFlop/s per process)    95%    113.9 sec left
CG set 1328 / 1394    221.5842 GFlop/s     (221.5842 GFlop/s per process)    95%    112.5 sec left
CG set 1329 / 1394    221.5829 GFlop/s     (221.5829 GFlop/s per process)    95%    111.0 sec left
CG set 1330 / 1394    221.5828 GFlop/s     (221.5828 GFlop/s per process)    95%    109.6 sec left
CG set 1331 / 1394    221.5834 GFlop/s     (221.5834 GFlop/s per process)    95%    108.2 sec left
CG set 1332 / 1394    221.5843 GFlop/s     (221.5843 GFlop/s per process)    95%    106.8 sec left
CG set 1333 / 1394    221.5843 GFlop/s     (221.5843 GFlop/s per process)    95%    105.4 sec left
CG set 1334 / 1394    221.5832 GFlop/s     (221.5832 GFlop/s per process)    95%    103.9 sec left
CG set 1335 / 1394    221.5847 GFlop/s     (221.5847 GFlop/s per process)    95%    102.5 sec left
CG set 1336 / 1394    221.5839 GFlop/s     (221.5839 GFlop/s per process)    95%    101.1 sec left
CG set 1337 / 1394    221.5823 GFlop/s     (221.5823 GFlop/s per process)    95%    99.7 sec left
CG set 1338 / 1394    221.5826 GFlop/s     (221.5826 GFlop/s per process)    95%    98.2 sec left
CG set 1339 / 1394    221.5836 GFlop/s     (221.5836 GFlop/s per process)    96%    96.8 sec left
CG set 1340 / 1394    221.5823 GFlop/s     (221.5823 GFlop/s per process)    96%    95.4 sec left
CG set 1341 / 1394    221.5832 GFlop/s     (221.5832 GFlop/s per process)    96%    94.0 sec left
CG set 1342 / 1394    221.5833 GFlop/s     (221.5833 GFlop/s per process)    96%    92.6 sec left
CG set 1343 / 1394    221.5821 GFlop/s     (221.5821 GFlop/s per process)    96%    91.1 sec left
CG set 1344 / 1394    221.5821 GFlop/s     (221.5821 GFlop/s per process)    96%    89.7 sec left
CG set 1345 / 1394    221.5824 GFlop/s     (221.5824 GFlop/s per process)    96%    88.3 sec left
CG set 1346 / 1394    221.5835 GFlop/s     (221.5835 GFlop/s per process)    96%    86.9 sec left
CG set 1347 / 1394    221.5841 GFlop/s     (221.5841 GFlop/s per process)    96%    85.5 sec left
CG set 1348 / 1394    221.5844 GFlop/s     (221.5844 GFlop/s per process)    96%    84.1 sec left
CG set 1349 / 1394    221.5843 GFlop/s     (221.5843 GFlop/s per process)    96%    82.6 sec left
CG set 1350 / 1394    221.5842 GFlop/s     (221.5842 GFlop/s per process)    96%    81.2 sec left
CG set 1351 / 1394    221.5844 GFlop/s     (221.5844 GFlop/s per process)    96%    79.8 sec left
CG set 1352 / 1394    221.5849 GFlop/s     (221.5849 GFlop/s per process)    96%    78.4 sec left
CG set 1353 / 1394    221.5854 GFlop/s     (221.5854 GFlop/s per process)    97%    77.0 sec left
CG set 1354 / 1394    221.5859 GFlop/s     (221.5859 GFlop/s per process)    97%    75.5 sec left
CG set 1355 / 1394    221.5868 GFlop/s     (221.5868 GFlop/s per process)    97%    74.1 sec left
CG set 1356 / 1394    221.5869 GFlop/s     (221.5869 GFlop/s per process)    97%    72.7 sec left
CG set 1357 / 1394    221.5855 GFlop/s     (221.5855 GFlop/s per process)    97%    71.3 sec left
CG set 1358 / 1394    221.5871 GFlop/s     (221.5871 GFlop/s per process)    97%    69.9 sec left
CG set 1359 / 1394    221.5856 GFlop/s     (221.5856 GFlop/s per process)    97%    68.4 sec left
CG set 1360 / 1394    221.5852 GFlop/s     (221.5852 GFlop/s per process)    97%    67.0 sec left
CG set 1361 / 1394    221.5824 GFlop/s     (221.5824 GFlop/s per process)    97%    65.6 sec left
CG set 1362 / 1394    221.5812 GFlop/s     (221.5812 GFlop/s per process)    97%    64.1 sec left
CG set 1363 / 1394    221.5806 GFlop/s     (221.5806 GFlop/s per process)    97%    62.7 sec left
CG set 1364 / 1394    221.5807 GFlop/s     (221.5807 GFlop/s per process)    97%    61.3 sec left
CG set 1365 / 1394    221.5808 GFlop/s     (221.5808 GFlop/s per process)    97%    59.9 sec left
CG set 1366 / 1394    221.5819 GFlop/s     (221.5819 GFlop/s per process)    97%    58.4 sec left
CG set 1367 / 1394    221.5823 GFlop/s     (221.5823 GFlop/s per process)    98%    57.0 sec left
CG set 1368 / 1394    221.5828 GFlop/s     (221.5828 GFlop/s per process)    98%    55.6 sec left
CG set 1369 / 1394    221.5837 GFlop/s     (221.5837 GFlop/s per process)    98%    54.2 sec left
CG set 1370 / 1394    221.5840 GFlop/s     (221.5840 GFlop/s per process)    98%    52.8 sec left
CG set 1371 / 1394    221.5829 GFlop/s     (221.5829 GFlop/s per process)    98%    51.3 sec left
CG set 1372 / 1394    221.5834 GFlop/s     (221.5834 GFlop/s per process)    98%    49.9 sec left
CG set 1373 / 1394    221.5838 GFlop/s     (221.5838 GFlop/s per process)    98%    48.5 sec left
CG set 1374 / 1394    221.5842 GFlop/s     (221.5842 GFlop/s per process)    98%    47.1 sec left
CG set 1375 / 1394    221.5842 GFlop/s     (221.5842 GFlop/s per process)    98%    45.7 sec left
CG set 1376 / 1394    221.5841 GFlop/s     (221.5841 GFlop/s per process)    98%    44.3 sec left
CG set 1377 / 1394    221.5840 GFlop/s     (221.5840 GFlop/s per process)    98%    42.8 sec left
CG set 1378 / 1394    221.5849 GFlop/s     (221.5849 GFlop/s per process)    98%    41.4 sec left
CG set 1379 / 1394    221.5849 GFlop/s     (221.5849 GFlop/s per process)    98%    40.0 sec left
CG set 1380 / 1394    221.5848 GFlop/s     (221.5848 GFlop/s per process)    98%    38.6 sec left
CG set 1381 / 1394    221.5864 GFlop/s     (221.5864 GFlop/s per process)    99%    37.2 sec left
CG set 1382 / 1394    221.5855 GFlop/s     (221.5855 GFlop/s per process)    99%    35.7 sec left
CG set 1383 / 1394    221.5855 GFlop/s     (221.5855 GFlop/s per process)    99%    34.3 sec left
CG set 1384 / 1394    221.5847 GFlop/s     (221.5847 GFlop/s per process)    99%    32.9 sec left
CG set 1385 / 1394    221.5843 GFlop/s     (221.5843 GFlop/s per process)    99%    31.5 sec left
CG set 1386 / 1394    221.5839 GFlop/s     (221.5839 GFlop/s per process)    99%    30.0 sec left
CG set 1387 / 1394    221.5839 GFlop/s     (221.5839 GFlop/s per process)    99%    28.6 sec left
CG set 1388 / 1394    221.5844 GFlop/s     (221.5844 GFlop/s per process)    99%    27.2 sec left
CG set 1389 / 1394    221.5845 GFlop/s     (221.5845 GFlop/s per process)    99%    25.8 sec left
CG set 1390 / 1394    221.5848 GFlop/s     (221.5848 GFlop/s per process)    99%    24.4 sec left
CG set 1391 / 1394    221.5858 GFlop/s     (221.5858 GFlop/s per process)    99%    22.9 sec left
CG set 1392 / 1394    221.5858 GFlop/s     (221.5858 GFlop/s per process)    99%    21.5 sec left
CG set 1393 / 1394    221.5874 GFlop/s     (221.5874 GFlop/s per process)    99%    20.1 sec left
CG set 1394 / 1394    221.5876 GFlop/s     (221.5876 GFlop/s per process)    100%    18.7 sec left
-- Performing additional CG sets, to match time requirement of 2000.0 seconds ...
CG set 1395 / 1394    221.5877 GFlop/s     (221.5877 GFlop/s per process)    100%    17.3 sec left
CG set 1396 / 1394    221.5880 GFlop/s     (221.5880 GFlop/s per process)    100%    15.9 sec left
CG set 1397 / 1394    221.5880 GFlop/s     (221.5880 GFlop/s per process)    100%    14.4 sec left
CG set 1398 / 1394    221.5880 GFlop/s     (221.5880 GFlop/s per process)    100%    13.0 sec left
CG set 1399 / 1394    221.5879 GFlop/s     (221.5879 GFlop/s per process)    100%    11.6 sec left
CG set 1400 / 1394    221.5878 GFlop/s     (221.5878 GFlop/s per process)    100%    10.2 sec left
CG set 1401 / 1394    221.5877 GFlop/s     (221.5877 GFlop/s per process)    100%    8.7 sec left
CG set 1402 / 1394    221.5875 GFlop/s     (221.5875 GFlop/s per process)    100%    7.3 sec left
CG set 1403 / 1394    221.5878 GFlop/s     (221.5878 GFlop/s per process)    100%    5.9 sec left
CG set 1404 / 1394    221.5894 GFlop/s     (221.5894 GFlop/s per process)    100%    4.5 sec left
CG set 1405 / 1394    221.5879 GFlop/s     (221.5879 GFlop/s per process)    100%    3.1 sec left
CG set 1406 / 1394    221.5867 GFlop/s     (221.5867 GFlop/s per process)    100%    1.6 sec left
CG set 1407 / 1394    221.5867 GFlop/s     (221.5867 GFlop/s per process)    100%    0.2 sec left
CG set 1408 / 1394    221.5867 GFlop/s     (221.5867 GFlop/s per process)    101%    0.0 sec left

Local domain: 256 x 256 x 256
Global domain: 256 x 256 x 256
Process domain: 1 x 1 x 1

Total Time: 2001.21 sec
Setup Time: 0.03 sec
Optimization Time: 0.11 sec

DDOT   =   208.6 GFlop/s ( 1668.5 GB/s)     208.6 GFlop/s per process ( 1668.5 GB/s per process)
WAXPBY =    98.3 GFlop/s ( 1179.7 GB/s)      98.3 GFlop/s per process ( 1179.7 GB/s per process)
SpMV   =   194.4 GFlop/s ( 1223.6 GB/s)     194.4 GFlop/s per process ( 1223.6 GB/s per process)
MG     =   248.7 GFlop/s ( 1919.1 GB/s)     248.7 GFlop/s per process ( 1919.1 GB/s per process)
Total  =   232.7 GFlop/s ( 1764.0 GB/s)     232.7 GFlop/s per process ( 1764.0 GB/s per process)
Final  =   221.6 GFlop/s ( 1679.6 GB/s)     221.6 GFlop/s per process ( 1679.6 GB/s per process)
