sarastel@uan04:/scratch/project_462000565/sarastel/rocHPL/build/bin> MPICH_GPU_SUPPORT_ENABLED=1 srun --exclusive -N1 --ntasks-per-node=8 --cpus-per-task=7 --gpus-per-node=8 --partition=dev-g --account=project_462000565 --time=00:10:00 --mem=0 ./rochpl -P 2 -Q 4 -p 2 -q 4 -N 256000 --NB 512
srun: job 7835068 queued and waiting for resources
srun: job 7835068 has been allocated resources
GPU  Binding: Process 0 [(p,q)=(0,0)] GPU: 0, pciBusID c1 
Local matrix size = 61.2346 GBs
-----------------------------------------------------------------------------------------------------------------------------------------------------------------------------------
   %   | Column    | Step Time (s) ||         DGEMM GFLOPS         || Panel Copy(s) | pdfact (s) | pmxswp (s) | Lbcast (s) | laswp (s) | GPU Sync (s) | Step GFLOPS | Overall GFLOPS
       |           |               |  Small   |  First   | Second   |               |            |            |            |           |              |             |               
-----------------------------------------------------------------------------------------------------------------------------------------------------------------------------------
  0.1% | 000000384 |    0.4224356  |          | 2.027e+04| 2.001e+04|               |            |            |  2.511e-01 | 6.218e-03 |   1.242e-01  |  1.190e+05  |    4.311e+04   
  0.3% | 000000768 |    0.3890870  |          | 1.985e+04| 2.067e+04|               |            |            |  2.582e-01 | 5.698e-03 |   1.207e-01  |  1.288e+05  |    6.454e+04   
  0.5% | 000001152 |    0.3998282  |          | 1.996e+04| 2.027e+04|               |            |            |  2.602e-01 | 1.787e-02 |   1.211e-01  |  1.249e+05  |    7.690e+04   
  0.6% | 000001536 |    0.3631036  | 2.107e+04| 2.002e+04| 2.039e+04|   3.093e-02   |  1.925e-01 |  1.230e-02 |  1.043e-02 | 6.467e-03 |   1.218e-01  |  1.372e+05  |    8.634e+04   
  0.8% | 000001920 |    0.3671115  |          | 1.927e+04| 2.056e+04|               |            |            |  2.417e-01 | 6.251e-03 |   1.185e-01  |  1.353e+05  |    9.303e+04   
  0.9% | 000002304 |    0.3644779  |          | 1.933e+04| 2.052e+04|               |            |            |  2.394e-01 | 5.869e-03 |   1.187e-01  |  1.358e+05  |    9.814e+04   
  1.1% | 000002688 |    0.3680267  |          | 1.925e+04| 2.040e+04|               |            |            |  2.397e-01 | 1.011e-02 |   1.176e-01  |  1.341e+05  |    1.020e+05   
  1.2% | 000003072 |    0.3571927  | 2.229e+04| 1.935e+04| 2.058e+04|   3.073e-02   |  1.905e-01 |  1.188e-02 |  1.043e-02 | 6.565e-03 |   1.181e-01  |  1.378e+05  |    1.054e+05   
  1.4% | 000003456 |    0.3632996  |          | 1.936e+04| 2.050e+04|               |            |            |  2.403e-01 | 6.242e-03 |   1.161e-01  |  1.350e+05  |    1.080e+05   
  1.5% | 000003840 |    0.3585462  |          | 1.931e+04| 2.056e+04|               |            |            |  2.365e-01 | 5.690e-03 |   1.159e-01  |  1.364e+05  |    1.103e+05   
  1.6% | 000004224 |    0.3630515  |          | 1.930e+04| 2.059e+04|               |            |            |  2.385e-01 | 9.761e-03 |   1.142e-01  |  1.343e+05  |    1.121e+05   
  1.8% | 000004608 |    0.3524372  | 2.249e+04| 1.940e+04| 2.060e+04|   3.055e-02   |  1.890e-01 |  1.161e-02 |  1.034e-02 | 6.204e-03 |   1.153e-01  |  1.379e+05  |    1.138e+05   
  1.9% | 000004992 |    0.3592330  |          | 2.065e+04| 2.059e+04|               |            |            |  2.392e-01 | 6.336e-03 |   1.131e-01  |  1.349e+05  |    1.152e+05   
  2.1% | 000005376 |    0.3544158  |          | 2.063e+04| 2.059e+04|               |            |            |  2.347e-01 | 5.750e-03 |   1.135e-01  |  1.363e+05  |    1.164e+05   
  2.2% | 000005760 |    0.3574148  |          | 2.059e+04| 2.069e+04|               |            |            |  2.372e-01 | 8.590e-03 |   1.110e-01  |  1.348e+05  |    1.175e+05   
  2.4% | 000006144 |    0.3494069  | 2.163e+04| 2.057e+04| 2.073e+04|   3.037e-02   |  1.891e-01 |  1.182e-02 |  1.029e-02 | 6.335e-03 |   1.124e-01  |  1.374e+05  |    1.185e+05   
  2.5% | 000006528 |    0.3537184  |          | 2.060e+04| 2.076e+04|               |            |            |  2.372e-01 | 6.200e-03 |   1.097e-01  |  1.353e+05  |    1.194e+05   
  2.7% | 000006912 |    0.3493234  |          | 2.058e+04| 2.080e+04|               |            |            |  2.333e-01 | 5.801e-03 |   1.097e-01  |  1.366e+05  |    1.202e+05   
  2.9% | 000007296 |    0.3513511  |          | 1.980e+04| 2.078e+04|               |            |            |  2.335e-01 | 9.120e-03 |   1.082e-01  |  1.354e+05  |    1.209e+05   
  3.0% | 000007680 |    0.3451469  | 2.255e+04| 2.016e+04| 2.070e+04|   3.018e-02   |  1.877e-01 |  1.170e-02 |  1.022e-02 | 6.108e-03 |   1.100e-01  |  1.374e+05  |    1.216e+05   
  3.1% | 000008064 |    0.3494143  |          | 2.020e+04| 2.080e+04|               |            |            |  2.356e-01 | 5.935e-03 |   1.072e-01  |  1.353e+05  |    1.222e+05   
  3.3% | 000008448 |    0.3456417  |          | 1.979e+04| 2.079e+04|               |            |            |  2.322e-01 | 5.653e-03 |   1.072e-01  |  1.364e+05  |    1.227e+05   
  3.5% | 000008832 |    0.3473748  |          | 2.021e+04| 2.058e+04|               |            |            |  2.320e-01 | 8.198e-03 |   1.066e-01  |  1.353e+05  |    1.232e+05   
  3.6% | 000009216 |    0.3397057  | 2.086e+04| 2.019e+04| 2.067e+04|   3.000e-02   |  1.846e-01 |  1.147e-02 |  1.016e-02 | 6.213e-03 |   1.079e-01  |  1.379e+05  |    1.237e+05   
  3.8% | 000009600 |    0.3461470  |          | 2.067e+04| 2.065e+04|               |            |            |  2.341e-01 | 6.141e-03 |   1.053e-01  |  1.349e+05  |    1.241e+05   
  3.9% | 000009984 |    0.3422182  |          | 2.063e+04| 2.068e+04|               |            |            |  2.306e-01 | 5.603e-03 |   1.055e-01  |  1.360e+05  |    1.245e+05   
  4.0% | 000010368 |    0.3417837  |          | 2.068e+04| 2.085e+04|               |            |            |  2.294e-01 | 8.848e-03 |   1.030e-01  |  1.358e+05  |    1.249e+05   
  4.2% | 000010752 |    0.3360548  | 2.244e+04| 2.062e+04| 2.089e+04|   2.981e-02   |  1.855e-01 |  1.210e-02 |  1.008e-02 | 5.894e-03 |   1.039e-01  |  1.377e+05  |    1.253e+05   
  4.3% | 000011136 |    0.3433411  |          | 2.082e+04| 2.086e+04|               |            |            |  2.349e-01 | 5.945e-03 |   1.019e-01  |  1.343e+05  |    1.256e+05   
  4.5% | 000011520 |    0.3373817  |          | 2.063e+04| 2.090e+04|               |            |            |  2.296e-01 | 5.781e-03 |   1.015e-01  |  1.363e+05  |    1.259e+05   
  4.7% | 000011904 |    0.3402992  |          | 2.065e+04| 2.086e+04|               |            |            |  2.300e-01 | 9.317e-03 |   1.004e-01  |  1.347e+05  |    1.262e+05   
  4.8% | 000012288 |    0.3325124  | 2.262e+04| 2.068e+04| 2.088e+04|   2.962e-02   |  1.843e-01 |  1.152e-02 |  1.003e-02 | 6.033e-03 |   1.016e-01  |  1.374e+05  |    1.265e+05   
  5.0% | 000012672 |    0.3382455  |          | 2.069e+04| 2.087e+04|               |            |            |  2.323e-01 | 5.911e-03 |   9.948e-02  |  1.346e+05  |    1.267e+05   
  5.1% | 000013056 |    0.3340088  |          | 2.065e+04| 2.087e+04|               |            |            |  2.285e-01 | 5.664e-03 |   9.930e-02  |  1.359e+05  |    1.269e+05   
  5.2% | 000013440 |    0.3357165  |          | 2.077e+04| 2.088e+04|               |            |            |  2.280e-01 | 9.133e-03 |   9.802e-02  |  1.348e+05  |    1.271e+05   
  5.4% | 000013824 |    0.3274642  | 2.233e+04| 2.068e+04| 2.091e+04|   2.944e-02   |  1.822e-01 |  1.191e-02 |  9.989e-03 | 5.910e-03 |   9.905e-02  |  1.378e+05  |    1.274e+05   
  5.5% | 000014208 |    0.3334457  |          | 2.084e+04| 2.093e+04|               |            |            |  2.302e-01 | 5.882e-03 |   9.673e-02  |  1.349e+05  |    1.276e+05   
  5.7% | 000014592 |    0.3285124  |          | 2.071e+04| 2.093e+04|               |            |            |  2.258e-01 | 5.548e-03 |   9.663e-02  |  1.365e+05  |    1.278e+05   
  5.8% | 000014976 |    0.3318585  |          | 2.077e+04| 2.071e+04|               |            |            |  2.270e-01 | 7.911e-03 |   9.640e-02  |  1.347e+05  |    1.279e+05   
  6.0% | 000015360 |    0.3248574  | 2.117e+04| 2.073e+04| 2.075e+04|   2.925e-02   |  1.813e-01 |  1.103e-02 |  9.899e-03 | 5.898e-03 |   9.756e-02  |  1.371e+05  |    1.281e+05   
  6.2% | 000015744 |    0.3303069  |          | 2.080e+04| 2.096e+04|               |            |            |  2.296e-01 | 6.094e-03 |   9.407e-02  |  1.344e+05  |    1.283e+05   
  6.3% | 000016128 |    0.3271949  |          | 2.076e+04| 2.095e+04|               |            |            |  2.265e-01 | 5.643e-03 |   9.448e-02  |  1.353e+05  |    1.284e+05   
  6.5% | 000016512 |    0.3273825  |          | 2.077e+04| 2.098e+04|               |            |            |  2.251e-01 | 9.102e-03 |   9.263e-02  |  1.348e+05  |    1.285e+05   
  6.6% | 000016896 |    0.3206486  | 2.259e+04| 2.079e+04| 2.096e+04|   2.906e-02   |  1.806e-01 |  1.120e-02 |  9.829e-03 | 6.223e-03 |   9.401e-02  |  1.372e+05  |    1.287e+05   
  6.8% | 000017280 |    0.3287728  |          | 2.044e+04| 2.073e+04|               |            |            |  2.294e-01 | 5.776e-03 |   9.303e-02  |  1.333e+05  |    1.288e+05   
  6.9% | 000017664 |    0.3227209  |          | 2.036e+04| 2.074e+04|               |            |            |  2.238e-01 | 5.530e-03 |   9.284e-02  |  1.354e+05  |    1.289e+05   
  7.0% | 000018048 |    0.3224996  |          | 2.037e+04| 2.105e+04|               |            |            |  2.227e-01 | 9.048e-03 |   9.022e-02  |  1.351e+05  |    1.291e+05   
  7.2% | 000018432 |    0.3165160  | 2.253e+04| 2.035e+04| 2.091e+04|   2.889e-02   |  1.791e-01 |  1.164e-02 |  9.782e-03 | 5.842e-03 |   9.197e-02  |  1.372e+05  |    1.292e+05   
  7.3% | 000018816 |    0.3215432  |          | 2.040e+04| 2.100e+04|               |            |            |  2.256e-01 | 5.863e-03 |   8.953e-02  |  1.346e+05  |    1.293e+05   
  7.5% | 000019200 |    0.3171322  |          | 2.038e+04| 2.099e+04|               |            |            |  2.214e-01 | 5.368e-03 |   8.981e-02  |  1.360e+05  |    1.294e+05   
  7.7% | 000019584 |    0.3182506  |          | 2.037e+04| 2.113e+04|               |            |            |  2.215e-01 | 8.533e-03 |   8.761e-02  |  1.351e+05  |    1.295e+05   
  7.8% | 000019968 |    0.3114478  | 2.208e+04| 2.039e+04| 2.121e+04|   2.871e-02   |  1.776e-01 |  1.112e-02 |  9.708e-03 | 5.873e-03 |   8.858e-02  |  1.376e+05  |    1.297e+05   
  8.0% | 000020352 |    0.3209489  |          | 2.094e+04| 2.082e+04|               |            |            |  2.267e-01 | 5.627e-03 |   8.801e-02  |  1.331e+05  |    1.297e+05   
  8.1% | 000020736 |    0.3154301  |          | 2.081e+04| 2.083e+04|               |            |            |  2.214e-01 | 5.229e-03 |   8.829e-02  |  1.350e+05  |    1.298e+05   
  8.2% | 000021120 |    0.3166873  |          | 2.081e+04| 2.116e+04|               |            |            |  2.209e-01 | 1.019e-02 |   8.507e-02  |  1.340e+05  |    1.299e+05   
  8.4% | 000021504 |    0.3083679  | 2.233e+04| 2.079e+04| 2.123e+04|   2.856e-02   |  1.771e-01 |  1.141e-02 |  9.655e-03 | 6.098e-03 |   8.599e-02  |  1.372e+05  |    1.300e+05   
  8.6% | 000021888 |    0.3150481  |          | 2.083e+04| 2.098e+04|               |            |            |  2.236e-01 | 5.858e-03 |   8.495e-02  |  1.338e+05  |    1.300e+05   
  8.7% | 000022272 |    0.3106011  |          | 2.075e+04| 2.096e+04|               |            |            |  2.191e-01 | 5.251e-03 |   8.573e-02  |  1.353e+05  |    1.301e+05   
  8.8% | 000022656 |    0.3122933  |          | 2.041e+04| 2.099e+04|               |            |            |  2.197e-01 | 8.162e-03 |   8.385e-02  |  1.341e+05  |    1.302e+05   
  9.0% | 000023040 |    0.3056344  | 2.215e+04| 2.038e+04| 2.102e+04|   2.832e-02   |  1.763e-01 |  1.101e-02 |  9.591e-03 | 5.718e-03 |   8.479e-02  |  1.366e+05  |    1.303e+05   
  9.2% | 000023424 |    0.3103857  |          | 2.045e+04| 2.115e+04|               |            |            |  2.220e-01 | 5.711e-03 |   8.209e-02  |  1.341e+05  |    1.303e+05   
  9.3% | 000023808 |    0.3065378  |          | 2.042e+04| 2.117e+04|               |            |            |  2.183e-01 | 5.226e-03 |   8.254e-02  |  1.353e+05  |    1.304e+05   
  9.4% | 000024192 |    0.3103741  |          | 2.041e+04| 2.088e+04|               |            |            |  2.195e-01 | 8.327e-03 |   8.202e-02  |  1.332e+05  |    1.304e+05   
  9.6% | 000024576 |    0.3025903  | 2.214e+04| 2.039e+04| 2.090e+04|   2.814e-02   |  1.752e-01 |  1.131e-02 |  9.539e-03 | 6.013e-03 |   8.274e-02  |  1.362e+05  |    1.305e+05   
  9.8% | 000024960 |    0.3079696  |          | 2.084e+04| 2.090e+04|               |            |            |  2.208e-01 | 5.776e-03 |   8.083e-02  |  1.333e+05  |    1.305e+05   
  9.9% | 000025344 |    0.3044690  |          | 2.083e+04| 2.090e+04|               |            |            |  2.175e-01 | 5.127e-03 |   8.126e-02  |  1.344e+05  |    1.306e+05   
 10.1% | 000025728 |    0.3039745  |          | 2.082e+04| 2.107e+04|               |            |            |  2.162e-01 | 8.155e-03 |   7.905e-02  |  1.342e+05  |    1.306e+05   
 10.2% | 000026112 |    0.2981787  | 2.238e+04| 2.082e+04| 2.112e+04|   2.795e-02   |  1.742e-01 |  1.115e-02 |  9.472e-03 | 5.633e-03 |   8.000e-02  |  1.363e+05  |    1.307e+05   
 10.3% | 000026496 |    0.3046719  |          | 2.090e+04| 2.092e+04|               |            |            |  2.198e-01 | 5.542e-03 |   7.870e-02  |  1.330e+05  |    1.307e+05   
 10.5% | 000026880 |    0.2996618  |          | 2.083e+04| 2.093e+04|               |            |            |  2.151e-01 | 5.256e-03 |   7.881e-02  |  1.348e+05  |    1.308e+05   
 10.7% | 000027264 |    0.3021501  |          | 2.063e+04| 2.094e+04|               |            |            |  2.157e-01 | 8.883e-03 |   7.701e-02  |  1.332e+05  |    1.308e+05   
 10.8% | 000027648 |    0.2948954  | 2.239e+04| 2.062e+04| 2.099e+04|   2.776e-02   |  1.727e-01 |  1.103e-02 |  9.373e-03 | 5.826e-03 |   7.833e-02  |  1.360e+05  |    1.309e+05   
 10.9% | 000028032 |    0.2998923  |          | 2.065e+04| 2.112e+04|               |            |            |  2.181e-01 | 5.752e-03 |   7.543e-02  |  1.333e+05  |    1.309e+05   
 11.1% | 000028416 |    0.2970940  |          | 2.062e+04| 2.113e+04|               |            |            |  2.155e-01 | 5.670e-03 |   7.544e-02  |  1.341e+05  |    1.310e+05   
 11.2% | 000028800 |    0.2974052  |          | 2.061e+04| 2.114e+04|               |            |            |  2.140e-01 | 8.710e-03 |   7.418e-02  |  1.335e+05  |    1.310e+05   
 11.4% | 000029184 |    0.2907582  | 2.242e+04| 2.063e+04| 2.116e+04|   2.758e-02   |  1.717e-01 |  1.086e-02 |  9.370e-03 | 5.718e-03 |   7.553e-02  |  1.361e+05  |    1.310e+05   
 11.6% | 000029568 |    0.2958656  |          | 2.065e+04| 2.108e+04|               |            |            |  2.160e-01 | 5.782e-03 |   7.348e-02  |  1.333e+05  |    1.311e+05   
 11.7% | 000029952 |    0.2925667  |          | 2.063e+04| 2.106e+04|               |            |            |  2.126e-01 | 5.193e-03 |   7.425e-02  |  1.344e+05  |    1.311e+05   
 11.8% | 000030336 |    0.2941945  |          | 2.088e+04| 2.098e+04|               |            |            |  2.126e-01 | 8.146e-03 |   7.291e-02  |  1.332e+05  |    1.311e+05   
 12.0% | 000030720 |    0.2880221  | 2.190e+04| 2.086e+04| 2.106e+04|   2.739e-02   |  1.711e-01 |  1.092e-02 |  9.284e-03 | 5.546e-03 |   7.376e-02  |  1.356e+05  |    1.312e+05   
 12.2% | 000031104 |    0.2924444  |          | 2.088e+04| 2.105e+04|               |            |            |  2.148e-01 | 5.542e-03 |   7.149e-02  |  1.331e+05  |    1.312e+05   
 12.3% | 000031488 |    0.2895500  |          | 2.087e+04| 2.104e+04|               |            |            |  2.118e-01 | 4.980e-03 |   7.225e-02  |  1.339e+05  |    1.312e+05   
 12.4% | 000031872 |    0.2876248  |          | 2.089e+04| 2.141e+04|               |            |            |  2.099e-01 | 7.881e-03 |   6.928e-02  |  1.344e+05  |    1.313e+05   
 12.6% | 000032256 |    0.2826289  | 2.204e+04| 2.089e+04| 2.143e+04|   2.721e-02   |  1.693e-01 |  1.092e-02 |  9.254e-03 | 5.659e-03 |   7.030e-02  |  1.363e+05  |    1.313e+05   
 12.8% | 000032640 |    0.2905635  |          | 2.051e+04| 2.103e+04|               |            |            |  2.150e-01 | 5.437e-03 |   6.956e-02  |  1.321e+05  |    1.313e+05   
 12.9% | 000033024 |    0.2862845  |          | 2.043e+04| 2.103e+04|               |            |            |  2.104e-01 | 4.942e-03 |   7.039e-02  |  1.336e+05  |    1.313e+05   
 13.1% | 000033408 |    0.2870697  |          | 2.044e+04| 2.108e+04|               |            |            |  2.101e-01 | 8.018e-03 |   6.841e-02  |  1.328e+05  |    1.313e+05   
 13.2% | 000033792 |    0.2805719  | 2.200e+04| 2.043e+04| 2.112e+04|   2.702e-02   |  1.687e-01 |  1.067e-02 |  9.148e-03 | 5.523e-03 |   6.931e-02  |  1.354e+05  |    1.314e+05   
 13.3% | 000034176 |    0.2861316  |          | 2.046e+04| 2.108e+04|               |            |            |  2.128e-01 | 5.436e-03 |   6.726e-02  |  1.323e+05  |    1.314e+05   
 13.5% | 000034560 |    0.2820073  |          | 2.043e+04| 2.108e+04|               |            |            |  2.085e-01 | 4.918e-03 |   6.807e-02  |  1.338e+05  |    1.314e+05   
 13.7% | 000034944 |    0.2826567  |          | 2.045e+04| 2.111e+04|               |            |            |  2.078e-01 | 8.022e-03 |   6.621e-02  |  1.330e+05  |    1.314e+05   
 13.8% | 000035328 |    0.2763443  | 2.204e+04| 2.043e+04| 2.113e+04|   2.683e-02   |  1.669e-01 |  1.055e-02 |  9.104e-03 | 5.480e-03 |   6.709e-02  |  1.356e+05  |    1.315e+05   
 13.9% | 000035712 |    0.2812808  |          | 2.091e+04| 2.126e+04|               |            |            |  2.106e-01 | 5.594e-03 |   6.454e-02  |  1.327e+05  |    1.315e+05   
 14.1% | 000036096 |    0.2780875  |          | 2.092e+04| 2.127e+04|               |            |            |  2.074e-01 | 5.044e-03 |   6.513e-02  |  1.338e+05  |    1.315e+05   
 14.2% | 000036480 |    0.2788268  |          | 2.090e+04| 2.147e+04|               |            |            |  2.070e-01 | 8.211e-03 |   6.306e-02  |  1.330e+05  |    1.315e+05   
 14.4% | 000036864 |    0.2724773  | 2.234e+04| 2.093e+04| 2.148e+04|   2.664e-02   |  1.665e-01 |  1.041e-02 |  9.050e-03 | 5.614e-03 |   6.374e-02  |  1.356e+05  |    1.316e+05   
 14.6% | 000037248 |    0.2771560  |          | 2.093e+04| 2.149e+04|               |            |            |  2.092e-01 | 5.597e-03 |   6.177e-02  |  1.328e+05  |    1.316e+05   
 14.7% | 000037632 |    0.2738303  |          | 2.091e+04| 2.153e+04|               |            |            |  2.060e-01 | 4.880e-03 |   6.241e-02  |  1.340e+05  |    1.316e+05   
 14.8% | 000038016 |    0.2750138  |          | 2.044e+04| 2.148e+04|               |            |            |  2.061e-01 | 7.357e-03 |   6.102e-02  |  1.329e+05  |    1.316e+05   
 15.0% | 000038400 |    0.2689155  | 2.182e+04| 2.043e+04| 2.157e+04|   2.646e-02   |  1.653e-01 |  1.034e-02 |  8.940e-03 | 5.193e-03 |   6.213e-02  |  1.355e+05  |    1.316e+05   
 15.2% | 000038784 |    0.2737436  |          | 2.049e+04| 2.156e+04|               |            |            |  2.081e-01 | 5.436e-03 |   5.968e-02  |  1.326e+05  |    1.316e+05   
 15.3% | 000039168 |    0.2707730  |          | 2.046e+04| 2.154e+04|               |            |            |  2.050e-01 | 4.794e-03 |   6.051e-02  |  1.336e+05  |    1.316e+05   
 15.4% | 000039552 |    0.2713113  |          | 2.044e+04| 2.155e+04|               |            |            |  2.044e-01 | 7.450e-03 |   5.893e-02  |  1.329e+05  |    1.317e+05   
 15.6% | 000039936 |    0.2652957  | 2.178e+04| 2.045e+04| 2.160e+04|   2.628e-02   |  1.641e-01 |  9.869e-03 |  8.901e-03 | 5.283e-03 |   5.983e-02  |  1.354e+05  |    1.317e+05   
 15.8% | 000040320 |    0.2714661  |          | 2.095e+04| 2.121e+04|               |            |            |  2.067e-01 | 5.525e-03 |   5.862e-02  |  1.318e+05  |    1.317e+05   
 15.9% | 000040704 |    0.2677573  |          | 2.093e+04| 2.123e+04|               |            |            |  2.030e-01 | 4.885e-03 |   5.932e-02  |  1.332e+05  |    1.317e+05   
 16.1% | 000041088 |    0.2689907  |          | 2.092e+04| 2.119e+04|               |            |            |  2.028e-01 | 7.656e-03 |   5.796e-02  |  1.321e+05  |    1.317e+05   
 16.2% | 000041472 |    0.2632516  | 2.196e+04| 2.093e+04| 2.124e+04|   2.609e-02   |  1.633e-01 |  1.041e-02 |  8.840e-03 | 5.265e-03 |   5.892e-02  |  1.345e+05  |    1.317e+05   
 16.4% | 000041856 |    0.2675879  |          | 2.094e+04| 2.144e+04|               |            |            |  2.056e-01 | 5.474e-03 |   5.587e-02  |  1.319e+05  |    1.317e+05   
 16.5% | 000042240 |    0.2647811  |          | 2.093e+04| 2.141e+04|               |            |            |  2.025e-01 | 4.725e-03 |   5.706e-02  |  1.328e+05  |    1.317e+05   
 16.6% | 000042624 |    0.2647706  |          | 2.048e+04| 2.121e+04|               |            |            |  2.014e-01 | 6.865e-03 |   5.600e-02  |  1.323e+05  |    1.317e+05   
 16.8% | 000043008 |    0.2593019  | 2.077e+04| 2.044e+04| 2.126e+04|   2.590e-02   |  1.615e-01 |  1.026e-02 |  8.791e-03 | 5.441e-03 |   5.676e-02  |  1.346e+05  |    1.318e+05   
 16.9% | 000043392 |    0.2648283  |          | 2.046e+04| 2.129e+04|               |            |            |  2.043e-01 | 5.540e-03 |   5.441e-02  |  1.313e+05  |    1.318e+05   
 17.1% | 000043776 |    0.2618420  |          | 2.047e+04| 2.128e+04|               |            |            |  2.010e-01 | 4.789e-03 |   5.554e-02  |  1.323e+05  |    1.318e+05   
 17.2% | 000044160 |    0.2619969  |          | 2.045e+04| 2.131e+04|               |            |            |  2.001e-01 | 7.603e-03 |   5.374e-02  |  1.318e+05  |    1.318e+05   
 17.4% | 000044544 |    0.2561527  | 2.161e+04| 2.045e+04| 2.134e+04|   2.571e-02   |  1.607e-01 |  1.028e-02 |  8.709e-03 | 5.292e-03 |   5.477e-02  |  1.343e+05  |    1.318e+05   
 17.6% | 000044928 |    0.2616663  |          | 2.047e+04| 2.135e+04|               |            |            |  2.034e-01 | 5.515e-03 |   5.216e-02  |  1.310e+05  |    1.318e+05   
 17.7% | 000045312 |    0.2583593  |          | 2.044e+04| 2.133e+04|               |            |            |  1.997e-01 | 4.662e-03 |   5.352e-02  |  1.322e+05  |    1.318e+05   
 17.9% | 000045696 |    0.2588310  |          | 2.091e+04| 2.151e+04|               |            |            |  1.991e-01 | 7.822e-03 |   5.137e-02  |  1.315e+05  |    1.318e+05   
 18.0% | 000046080 |    0.2527365  | 2.220e+04| 2.091e+04| 2.153e+04|   2.553e-02   |  1.601e-01 |  1.060e-02 |  8.675e-03 | 5.309e-03 |   5.218e-02  |  1.342e+05  |    1.318e+05   
 18.1% | 000046464 |    0.2573643  |          | 2.093e+04| 2.140e+04|               |            |            |  2.012e-01 | 5.464e-03 |   5.017e-02  |  1.313e+05  |    1.318e+05   
 18.3% | 000046848 |    0.2545552  |          | 2.091e+04| 2.141e+04|               |            |            |  1.981e-01 | 4.695e-03 |   5.121e-02  |  1.322e+05  |    1.318e+05   
 18.4% | 000047232 |    0.2558178  |          | 2.088e+04| 2.142e+04|               |            |            |  1.980e-01 | 7.768e-03 |   4.952e-02  |  1.311e+05  |    1.318e+05   
 18.6% | 000047616 |    0.2498194  | 2.199e+04| 2.092e+04| 2.143e+04|   2.535e-02   |  1.588e-01 |  1.045e-02 |  8.613e-03 | 5.164e-03 |   5.099e-02  |  1.337e+05  |    1.318e+05   
 18.8% | 000048000 |    0.2545111  |          | 2.064e+04| 2.154e+04|               |            |            |  2.002e-01 | 5.491e-03 |   4.828e-02  |  1.308e+05  |    1.318e+05   
 18.9% | 000048384 |    0.2513381  |          | 2.061e+04| 2.155e+04|               |            |            |  1.969e-01 | 4.816e-03 |   4.909e-02  |  1.320e+05  |    1.318e+05   
 19.1% | 000048768 |    0.2499191  |          | 2.059e+04| 2.178e+04|               |            |            |  1.952e-01 | 7.300e-03 |   4.684e-02  |  1.322e+05  |    1.318e+05   
 19.2% | 000049152 |    0.2464679  | 2.172e+04| 2.063e+04| 2.183e+04|   2.516e-02   |  1.586e-01 |  1.016e-02 |  8.534e-03 | 5.140e-03 |   4.815e-02  |  1.336e+05  |    1.318e+05   
 19.4% | 000049536 |    0.2502387  |          | 2.066e+04| 2.181e+04|               |            |            |  1.988e-01 | 5.526e-03 |   4.538e-02  |  1.311e+05  |    1.318e+05   
 19.5% | 000049920 |    0.2484965  |          | 2.063e+04| 2.186e+04|               |            |            |  1.966e-01 | 4.559e-03 |   4.681e-02  |  1.315e+05  |    1.318e+05   
 19.6% | 000050304 |    0.2469954  |          | 2.091e+04| 2.182e+04|               |            |            |  1.942e-01 | 7.245e-03 |   4.495e-02  |  1.318e+05  |    1.318e+05   
 19.8% | 000050688 |    0.2424444  | 2.210e+04| 2.089e+04| 2.188e+04|   2.497e-02   |  1.569e-01 |  1.046e-02 |  8.491e-03 | 5.461e-03 |   4.569e-02  |  1.338e+05  |    1.318e+05   
 19.9% | 000051072 |    0.2469668  |          | 2.091e+04| 2.185e+04|               |            |            |  1.972e-01 | 5.571e-03 |   4.366e-02  |  1.308e+05  |    1.318e+05   
 20.1% | 000051456 |    0.2446048  |          | 2.093e+04| 2.190e+04|               |            |            |  1.946e-01 | 4.597e-03 |   4.489e-02  |  1.316e+05  |    1.318e+05   
 20.2% | 000051840 |    0.2452813  |          | 2.091e+04| 2.156e+04|               |            |            |  1.935e-01 | 7.429e-03 |   4.382e-02  |  1.308e+05  |    1.318e+05   
 20.4% | 000052224 |    0.2397878  | 2.165e+04| 2.090e+04| 2.162e+04|   2.478e-02   |  1.556e-01 |  1.006e-02 |  8.419e-03 | 5.360e-03 |   4.468e-02  |  1.332e+05  |    1.318e+05   
 20.6% | 000052608 |    0.2432101  |          | 2.091e+04| 2.194e+04|               |            |            |  1.955e-01 | 5.508e-03 |   4.161e-02  |  1.309e+05  |    1.318e+05   
 20.7% | 000052992 |    0.2419756  |          | 2.093e+04| 2.195e+04|               |            |            |  1.939e-01 | 4.543e-03 |   4.302e-02  |  1.310e+05  |    1.318e+05   
 20.9% | 000053376 |    0.2406790  |          | 2.049e+04| 2.193e+04|               |            |            |  1.917e-01 | 7.185e-03 |   4.121e-02  |  1.313e+05  |    1.318e+05   
 21.0% | 000053760 |    0.2355487  | 2.174e+04| 2.049e+04| 2.200e+04|   2.460e-02   |  1.543e-01 |  9.977e-03 |  8.377e-03 | 5.237e-03 |   4.209e-02  |  1.336e+05  |    1.318e+05   
 21.1% | 000054144 |    0.2413965  |          | 2.055e+04| 2.165e+04|               |            |            |  1.948e-01 | 5.430e-03 |   4.054e-02  |  1.299e+05  |    1.318e+05   
 21.3% | 000054528 |    0.2388615  |          | 2.048e+04| 2.166e+04|               |            |            |  1.921e-01 | 4.503e-03 |   4.177e-02  |  1.308e+05  |    1.318e+05   
 21.4% | 000054912 |    0.2376285  |          | 2.046e+04| 2.197e+04|               |            |            |  1.906e-01 | 6.977e-03 |   3.949e-02  |  1.309e+05  |    1.318e+05   
 21.6% | 000055296 |    0.2333453  | 2.147e+04| 2.049e+04| 2.201e+04|   2.442e-02   |  1.541e-01 |  1.028e-02 |  8.302e-03 | 5.123e-03 |   4.050e-02  |  1.328e+05  |    1.318e+05   
 21.8% | 000055680 |    0.2368667  |          | 2.089e+04| 2.202e+04|               |            |            |  1.929e-01 | 5.450e-03 |   3.794e-02  |  1.304e+05  |    1.318e+05   
 21.9% | 000056064 |    0.2356705  |          | 2.090e+04| 2.201e+04|               |            |            |  1.912e-01 | 4.467e-03 |   3.945e-02  |  1.305e+05  |    1.318e+05   
 22.1% | 000056448 |    0.2340978  |          | 2.087e+04| 2.208e+04|               |            |            |  1.889e-01 | 7.108e-03 |   3.752e-02  |  1.309e+05  |    1.318e+05   
 22.2% | 000056832 |    0.2296230  | 2.141e+04| 2.091e+04| 2.212e+04|   2.423e-02   |  1.524e-01 |  1.032e-02 |  8.276e-03 | 4.968e-03 |   3.882e-02  |  1.329e+05  |    1.318e+05   
 22.4% | 000057216 |    0.2340540  |          | 2.092e+04| 2.211e+04|               |            |            |  1.916e-01 | 5.401e-03 |   3.649e-02  |  1.299e+05  |    1.318e+05   
 22.5% | 000057600 |    0.2309839  |          | 2.091e+04| 2.211e+04|               |            |            |  1.883e-01 | 4.512e-03 |   3.766e-02  |  1.311e+05  |    1.318e+05   
 22.6% | 000057984 |    0.2309553  |          | 2.050e+04| 2.197e+04|               |            |            |  1.874e-01 | 7.069e-03 |   3.590e-02  |  1.306e+05  |    1.318e+05   
 22.8% | 000058368 |    0.2264013  | 2.092e+04| 2.049e+04| 2.201e+04|   2.404e-02   |  1.509e-01 |  1.030e-02 |  8.166e-03 | 4.896e-03 |   3.750e-02  |  1.328e+05  |    1.318e+05   
 22.9% | 000058752 |    0.2306268  |          | 2.053e+04| 2.201e+04|               |            |            |  1.899e-01 | 5.223e-03 |   3.489e-02  |  1.298e+05  |    1.317e+05   
 23.1% | 000059136 |    0.2286124  |          | 2.048e+04| 2.196e+04|               |            |            |  1.874e-01 | 4.361e-03 |   3.637e-02  |  1.304e+05  |    1.317e+05   
 23.2% | 000059520 |    0.2337991  |          | 2.048e+04| 2.040e+04|               |            |            |  1.892e-01 | 6.515e-03 |   3.748e-02  |  1.271e+05  |    1.317e+05   
 23.4% | 000059904 |    0.2261297  | 2.115e+04| 2.051e+04| 2.054e+04|   2.386e-02   |  1.500e-01 |  9.563e-03 |  8.079e-03 | 5.021e-03 |   3.829e-02  |  1.309e+05  |    1.317e+05   
 23.6% | 000060288 |    0.2285880  |          | 2.054e+04| 2.224e+04|               |            |            |  1.899e-01 | 5.204e-03 |   3.297e-02  |  1.289e+05  |    1.317e+05   
 23.7% | 000060672 |    0.2258040  |          | 2.049e+04| 2.227e+04|               |            |            |  1.868e-01 | 4.444e-03 |   3.401e-02  |  1.300e+05  |    1.317e+05   
 23.9% | 000061056 |    0.2260377  |          | 2.061e+04| 2.195e+04|               |            |            |  1.854e-01 | 7.469e-03 |   3.260e-02  |  1.294e+05  |    1.317e+05   
 24.0% | 000061440 |    0.2213124  | 2.144e+04| 2.066e+04| 2.203e+04|   2.367e-02   |  1.498e-01 |  9.803e-03 |  8.035e-03 | 4.865e-03 |   3.408e-02  |  1.316e+05  |    1.317e+05   
 24.1% | 000061824 |    0.2246312  |          | 2.065e+04| 2.206e+04|               |            |            |  1.874e-01 | 5.387e-03 |   3.124e-02  |  1.292e+05  |    1.317e+05   
 24.3% | 000062208 |    0.2234449  |          | 2.063e+04| 2.206e+04|               |            |            |  1.859e-01 | 4.315e-03 |   3.268e-02  |  1.293e+05  |    1.317e+05   
 24.4% | 000062592 |    0.2224392  |          | 2.058e+04| 2.205e+04|               |            |            |  1.839e-01 | 6.802e-03 |   3.125e-02  |  1.294e+05  |    1.316e+05   
 24.6% | 000062976 |    0.2172720  | 2.091e+04| 2.066e+04| 2.213e+04|   2.348e-02   |  1.477e-01 |  1.035e-02 |  7.981e-03 | 4.883e-03 |   3.227e-02  |  1.320e+05  |    1.316e+05   
 24.8% | 000063360 |    0.2214830  |          | 2.050e+04| 2.241e+04|               |            |            |  1.864e-01 | 5.151e-03 |   2.937e-02  |  1.289e+05  |    1.316e+05   
 24.9% | 000063744 |    0.2195348  |          | 2.048e+04| 2.239e+04|               |            |            |  1.840e-01 | 4.309e-03 |   3.069e-02  |  1.296e+05  |    1.316e+05   
 25.1% | 000064128 |    0.2185530  |          | 2.049e+04| 2.244e+04|               |            |            |  1.823e-01 | 6.816e-03 |   2.891e-02  |  1.296e+05  |    1.316e+05   
 25.2% | 000064512 |    0.2139245  | 2.132e+04| 2.049e+04| 2.253e+04|   2.330e-02   |  1.468e-01 |  9.693e-03 |  7.892e-03 | 4.803e-03 |   3.022e-02  |  1.319e+05  |    1.316e+05   
 25.4% | 000064896 |    0.2182729  |          | 2.051e+04| 2.252e+04|               |            |            |  1.848e-01 | 5.141e-03 |   2.779e-02  |  1.288e+05  |    1.316e+05   
 25.5% | 000065280 |    0.2157751  |          | 2.046e+04| 2.252e+04|               |            |            |  1.819e-01 | 4.242e-03 |   2.909e-02  |  1.297e+05  |    1.316e+05   
 25.6% | 000065664 |    0.2162941  |          | 2.046e+04| 2.229e+04|               |            |            |  1.813e-01 | 6.767e-03 |   2.767e-02  |  1.289e+05  |    1.316e+05   
 25.8% | 000066048 |    0.2118318  | 2.077e+04| 2.050e+04| 2.243e+04|   2.311e-02   |  1.462e-01 |  9.915e-03 |  7.869e-03 | 4.761e-03 |   2.901e-02  |  1.311e+05  |    1.316e+05   
 25.9% | 000066432 |    0.2152476  |          | 2.066e+04| 2.235e+04|               |            |            |  1.831e-01 | 5.143e-03 |   2.643e-02  |  1.285e+05  |    1.316e+05   
 26.1% | 000066816 |    0.2134780  |          | 2.060e+04| 2.234e+04|               |            |            |  1.810e-01 | 4.447e-03 |   2.752e-02  |  1.290e+05  |    1.316e+05   
 26.2% | 000067200 |    0.2121965  |          | 2.057e+04| 2.250e+04|               |            |            |  1.789e-01 | 6.783e-03 |   2.592e-02  |  1.293e+05  |    1.316e+05   
 26.4% | 000067584 |    0.2073814  | 2.086e+04| 2.065e+04| 2.255e+04|   2.306e-02   |  1.437e-01 |  9.363e-03 |  7.784e-03 | 4.759e-03 |   2.717e-02  |  1.317e+05  |    1.316e+05   
 26.6% | 000067968 |    0.2117815  |          | 2.065e+04| 2.260e+04|               |            |            |  1.813e-01 | 5.135e-03 |   2.474e-02  |  1.285e+05  |    1.315e+05   
 26.7% | 000068352 |    0.2097275  |          | 2.061e+04| 2.260e+04|               |            |            |  1.789e-01 | 4.194e-03 |   2.609e-02  |  1.292e+05  |    1.315e+05   
 26.9% | 000068736 |    0.2103009  |          | 2.062e+04| 2.243e+04|               |            |            |  1.784e-01 | 6.618e-03 |   2.467e-02  |  1.283e+05  |    1.315e+05   
 27.0% | 000069120 |    0.2054821  | 2.107e+04| 2.066e+04| 2.255e+04|   2.274e-02   |  1.436e-01 |  9.581e-03 |  7.748e-03 | 4.751e-03 |   2.578e-02  |  1.308e+05  |    1.315e+05   
 27.1% | 000069504 |    0.2086423  |          | 2.067e+04| 2.264e+04|               |            |            |  1.799e-01 | 5.058e-03 |   2.311e-02  |  1.283e+05  |    1.315e+05   
 27.3% | 000069888 |    0.2069342  |          | 2.063e+04| 2.266e+04|               |            |            |  1.777e-01 | 4.074e-03 |   2.461e-02  |  1.288e+05  |    1.315e+05   
 27.4% | 000070272 |    0.2068071  |          | 2.062e+04| 2.260e+04|               |            |            |  1.769e-01 | 6.302e-03 |   2.308e-02  |  1.284e+05  |    1.315e+05   
 27.6% | 000070656 |    0.2028559  | 2.082e+04| 2.066e+04| 2.266e+04|   2.279e-02   |  1.427e-01 |  1.004e-02 |  7.656e-03 | 4.867e-03 |   2.390e-02  |  1.303e+05  |    1.315e+05   
 27.8% | 000071040 |    0.2056924  |          | 2.080e+04| 2.269e+04|               |            |            |  1.785e-01 | 5.163e-03 |   2.144e-02  |  1.280e+05  |    1.315e+05   
 27.9% | 000071424 |    0.2050234  |          | 2.078e+04| 2.268e+04|               |            |            |  1.774e-01 | 4.074e-03 |   2.303e-02  |  1.279e+05  |    1.314e+05   
 28.1% | 000071808 |    0.2039362  |          | 2.075e+04| 2.289e+04|               |            |            |  1.754e-01 | 6.769e-03 |   2.119e-02  |  1.280e+05  |    1.314e+05   
 28.2% | 000072192 |    0.1988126  | 2.173e+04| 2.084e+04| 2.286e+04|   2.238e-02   |  1.409e-01 |  9.225e-03 |  7.543e-03 | 4.675e-03 |   2.239e-02  |  1.308e+05  |    1.314e+05   
 28.4% | 000072576 |    0.2017126  |          | 2.085e+04| 2.281e+04|               |            |            |  1.760e-01 | 4.911e-03 |   2.021e-02  |  1.284e+05  |    1.314e+05   
 28.5% | 000072960 |    0.1997352  |          | 2.077e+04| 2.287e+04|               |            |            |  1.737e-01 | 4.012e-03 |   2.155e-02  |  1.291e+05  |    1.314e+05   
 28.6% | 000073344 |    0.2001716  |          | 2.047e+04| 2.296e+04|               |            |            |  1.733e-01 | 6.464e-03 |   1.987e-02  |  1.283e+05  |    1.314e+05   
 28.8% | 000073728 |    0.1950273  | 2.135e+04| 2.050e+04| 2.293e+04|   2.218e-02   |  1.387e-01 |  9.335e-03 |  7.599e-03 | 4.615e-03 |   2.102e-02  |  1.311e+05  |    1.314e+05   
 28.9% | 000074112 |    0.1986115  |          | 2.053e+04| 2.299e+04|               |            |            |  1.744e-01 | 4.964e-03 |   1.868e-02  |  1.282e+05  |    1.314e+05   
 29.1% | 000074496 |    0.1969846  |          | 2.051e+04| 2.304e+04|               |            |            |  1.726e-01 | 4.192e-03 |   1.972e-02  |  1.287e+05  |    1.314e+05   
 29.2% | 000074880 |    0.1973711  |          | 2.048e+04| 2.315e+04|               |            |            |  1.720e-01 | 6.464e-03 |   1.831e-02  |  1.279e+05  |    1.314e+05   
 29.4% | 000075264 |    0.1928325  | 2.165e+04| 2.050e+04| 2.305e+04|   2.200e-02   |  1.383e-01 |  9.478e-03 |  7.502e-03 | 4.574e-03 |   1.958e-02  |  1.304e+05  |    1.314e+05   
 29.6% | 000075648 |    0.1957735  |          | 2.055e+04| 2.318e+04|               |            |            |  1.733e-01 | 5.067e-03 |   1.685e-02  |  1.279e+05  |    1.313e+05   
 29.7% | 000076032 |    0.1937729  |          | 2.047e+04| 2.319e+04|               |            |            |  1.709e-01 | 4.056e-03 |   1.830e-02  |  1.286e+05  |    1.313e+05   
 29.9% | 000076416 |    0.1943065  |          | 2.064e+04| 2.310e+04|               |            |            |  1.704e-01 | 6.226e-03 |   1.715e-02  |  1.277e+05  |    1.313e+05   
 30.0% | 000076800 |    0.1905787  | 2.166e+04| 2.065e+04| 2.296e+04|   2.181e-02   |  1.376e-01 |  9.555e-03 |  7.404e-03 | 4.493e-03 |   1.837e-02  |  1.297e+05  |    1.313e+05   
 30.1% | 000077184 |    0.1924665  |          | 2.073e+04| 2.320e+04|               |            |            |  1.713e-01 | 4.919e-03 |   1.567e-02  |  1.279e+05  |    1.313e+05   
 30.3% | 000077568 |    0.1915594  |          | 2.067e+04| 2.331e+04|               |            |            |  1.700e-01 | 4.028e-03 |   1.697e-02  |  1.279e+05  |    1.313e+05   
 30.4% | 000077952 |    0.1910930  |          | 2.063e+04| 2.318e+04|               |            |            |  1.684e-01 | 6.566e-03 |   1.555e-02  |  1.277e+05  |    1.313e+05   
 30.6% | 000078336 |    0.1860605  | 2.235e+04| 2.069e+04| 2.302e+04|   2.162e-02   |  1.348e-01 |  8.862e-03 |  7.350e-03 | 4.447e-03 |   1.688e-02  |  1.306e+05  |    1.313e+05   
 30.8% | 000078720 |    0.1891709  |          | 2.056e+04| 2.317e+04|               |            |            |  1.692e-01 | 4.898e-03 |   1.454e-02  |  1.279e+05  |    1.313e+05   
 30.9% | 000079104 |    0.1873969  |          | 2.052e+04| 2.334e+04|               |            |            |  1.672e-01 | 3.961e-03 |   1.575e-02  |  1.285e+05  |    1.313e+05   
 31.1% | 000079488 |    0.1876511  |          | 2.052e+04| 2.342e+04|               |            |            |  1.662e-01 | 6.872e-03 |   1.405e-02  |  1.278e+05  |    1.313e+05   
 31.2% | 000079872 |    0.1832359  | 2.256e+04| 2.054e+04| 2.298e+04|   2.144e-02   |  1.336e-01 |  9.170e-03 |  7.332e-03 | 4.660e-03 |   1.531e-02  |  1.303e+05  |    1.312e+05   
 31.4% | 000080256 |    0.1857681  |          | 2.064e+04| 2.346e+04|               |            |            |  1.673e-01 | 4.835e-03 |   1.304e-02  |  1.280e+05  |    1.312e+05   
 31.5% | 000080640 |    0.1849919  |          | 2.054e+04| 2.343e+04|               |            |            |  1.662e-01 | 3.950e-03 |   1.434e-02  |  1.279e+05  |    1.312e+05   
 31.6% | 000081024 |    0.1852592  |          | 2.050e+04| 2.345e+04|               |            |            |  1.653e-01 | 6.531e-03 |   1.290e-02  |  1.272e+05  |    1.312e+05   
 31.8% | 000081408 |    0.1808576  | 2.247e+04| 2.056e+04| 2.288e+04|   2.127e-02   |  1.326e-01 |  9.004e-03 |  7.300e-03 | 4.557e-03 |   1.416e-02  |  1.297e+05  |    1.312e+05   
 31.9% | 000081792 |    0.1829820  |          | 2.081e+04| 2.336e+04|               |            |            |  1.658e-01 | 4.923e-03 |   1.166e-02  |  1.277e+05  |    1.312e+05   
 32.1% | 000082176 |    0.1823995  |          | 2.072e+04| 2.345e+04|               |            |            |  1.649e-01 | 4.041e-03 |   1.291e-02  |  1.275e+05  |    1.312e+05   
 32.2% | 000082560 |    0.1826455  |          | 2.072e+04| 2.342e+04|               |            |            |  1.640e-01 | 6.281e-03 |   1.185e-02  |  1.268e+05  |    1.312e+05   
 32.4% | 000082944 |    0.1780035  | 2.225e+04| 2.075e+04| 2.274e+04|   2.106e-02   |  1.312e-01 |  9.079e-03 |  7.192e-03 | 4.409e-03 |   1.323e-02  |  1.295e+05  |    1.312e+05   
 32.5% | 000083328 |    0.1798663  |          | 2.082e+04| 2.327e+04|               |            |            |  1.638e-01 | 4.633e-03 |   1.092e-02  |  1.276e+05  |    1.312e+05   
 32.7% | 000083712 |    0.1783211  |          | 2.071e+04| 2.336e+04|               |            |            |  1.619e-01 | 3.839e-03 |   1.208e-02  |  1.281e+05  |    1.311e+05   
 32.9% | 000084096 |    0.1793105  |          | 2.056e+04| 2.335e+04|               |            |            |  1.618e-01 | 6.253e-03 |   1.062e-02  |  1.269e+05  |    1.311e+05   
 33.0% | 000084480 |    0.1745631  | 2.201e+04| 2.057e+04| 2.273e+04|   2.088e-02   |  1.293e-01 |  8.988e-03 |  7.135e-03 | 4.571e-03 |   1.173e-02  |  1.297e+05  |    1.311e+05   
 33.1% | 000084864 |    0.1768654  |          | 2.064e+04| 2.324e+04|               |            |            |  1.621e-01 | 4.594e-03 |   9.659e-03  |  1.275e+05  |    1.311e+05   
 33.3% | 000085248 |    0.1753472  |          | 2.058e+04| 2.331e+04|               |            |            |  1.603e-01 | 3.788e-03 |   1.079e-02  |  1.280e+05  |    1.311e+05   
 33.5% | 000085632 |    0.1764874  |          | 2.056e+04| 2.330e+04|               |            |            |  1.601e-01 | 6.671e-03 |   9.170e-03  |  1.266e+05  |    1.311e+05   
 33.6% | 000086016 |    0.1716058  | 2.223e+04| 2.058e+04| 2.263e+04|   2.070e-02   |  1.279e-01 |  9.050e-03 |  7.081e-03 | 4.307e-03 |   1.069e-02  |  1.296e+05  |    1.311e+05   
 33.8% | 000086400 |    0.1746301  |          | 2.085e+04| 2.328e+04|               |            |            |  1.609e-01 | 4.823e-03 |   8.305e-03  |  1.268e+05  |    1.311e+05   
 33.9% | 000086784 |    0.1731121  |          | 2.082e+04| 2.322e+04|               |            |            |  1.592e-01 | 3.909e-03 |   9.535e-03  |  1.273e+05  |    1.311e+05   
 34.0% | 000087168 |    0.1737196  |          | 2.079e+04| 2.316e+04|               |            |            |  1.587e-01 | 6.001e-03 |   8.474e-03  |  1.263e+05  |    1.311e+05   
 34.2% | 000087552 |    0.1690014  | 2.257e+04| 2.080e+04| 2.250e+04|   2.064e-02   |  1.267e-01 |  8.893e-03 |  6.976e-03 | 4.295e-03 |   9.542e-03  |  1.292e+05  |    1.311e+05   
 34.4% | 000087936 |    0.1713169  |          | 2.089e+04| 2.308e+04|               |            |            |  1.590e-01 | 4.566e-03 |   7.214e-03  |  1.269e+05  |    1.310e+05   
 34.5% | 000088320 |    0.1698336  |          | 2.083e+04| 2.313e+04|               |            |            |  1.571e-01 | 3.693e-03 |   8.489e-03  |  1.274e+05  |    1.310e+05   
 34.6% | 000088704 |    0.1713999  |          | 2.081e+04| 2.299e+04|               |            |            |  1.575e-01 | 6.004e-03 |   7.306e-03  |  1.257e+05  |    1.310e+05   
 34.8% | 000089088 |    0.1665065  | 2.243e+04| 2.081e+04| 2.236e+04|   2.031e-02   |  1.257e-01 |  8.999e-03 |  6.922e-03 | 4.425e-03 |   8.216e-03  |  1.288e+05  |    1.310e+05   
 35.0% | 000089472 |    0.1685794  |          | 2.091e+04| 2.310e+04|               |            |            |  1.574e-01 | 4.607e-03 |   6.044e-03  |  1.266e+05  |    1.310e+05   
 35.1% | 000089856 |    0.1665990  |          | 2.083e+04| 2.290e+04|               |            |            |  1.550e-01 | 3.906e-03 |   7.183e-03  |  1.275e+05  |    1.310e+05   
 35.2% | 000090240 |    0.1676450  |          | 2.083e+04| 2.308e+04|               |            |            |  1.550e-01 | 6.106e-03 |   5.960e-03  |  1.262e+05  |    1.310e+05   
 35.4% | 000090624 |    0.1634964  | 2.226e+04| 2.083e+04| 2.217e+04|   2.013e-02   |  1.241e-01 |  8.520e-03 |  6.920e-03 | 4.294e-03 |   7.102e-03  |  1.288e+05  |    1.310e+05   
 35.5% | 000091008 |    0.1650307  |          | 2.093e+04| 2.284e+04|               |            |            |  1.550e-01 | 4.719e-03 |   4.733e-03  |  1.270e+05  |    1.310e+05   
 35.7% | 000091392 |    0.1649806  |          | 2.086e+04| 2.281e+04|               |            |            |  1.545e-01 | 3.622e-03 |   6.415e-03  |  1.264e+05  |    1.309e+05   
 35.9% | 000091776 |    0.1643875  |          | 2.087e+04| 2.219e+04|               |            |            |  1.536e-01 | 5.166e-03 |   5.065e-03  |  1.263e+05  |    1.309e+05   
 36.0% | 000092160 |    0.1605797  | 2.222e+04| 2.085e+04| 2.167e+04|   1.995e-02   |  1.226e-01 |  8.526e-03 |  6.783e-03 | 4.138e-03 |   6.251e-03  |  1.287e+05  |    1.309e+05   
 36.1% | 000092544 |    0.1636164  |          | 2.096e+04| 2.271e+04|               |            |            |  1.547e-01 | 4.557e-03 |   3.811e-03  |  1.257e+05  |    1.309e+05   
 36.3% | 000092928 |    0.1623506  |          | 2.088e+04| 2.271e+04|               |            |            |  1.529e-01 | 3.601e-03 |   5.385e-03  |  1.261e+05  |    1.309e+05   
 36.5% | 000093312 |    0.1617064  |          | 2.089e+04| 2.282e+04|               |            |            |  1.521e-01 | 5.348e-03 |   3.673e-03  |  1.260e+05  |    1.309e+05   
 36.6% | 000093696 |    0.1577647  | 2.175e+04| 2.087e+04| 2.196e+04|   1.976e-02   |  1.212e-01 |  8.391e-03 |  6.766e-03 | 4.236e-03 |   4.885e-03  |  1.285e+05  |    1.309e+05   
 36.8% | 000094080 |    0.1601879  |          | 2.076e+04| 2.254e+04|               |            |            |  1.520e-01 | 4.434e-03 |   3.144e-03  |  1.260e+05  |    1.309e+05   
 36.9% | 000094464 |    0.1578802  |          | 2.069e+04| 2.254e+04|               |            |            |  1.495e-01 | 3.584e-03 |   4.277e-03  |  1.272e+05  |    1.309e+05   
 37.0% | 000094848 |    0.1583408  |          | 2.072e+04| 2.250e+04|               |            |            |  1.500e-01 | 4.869e-03 |   2.988e-03  |  1.263e+05  |    1.309e+05   
 37.2% | 000095232 |    0.1547322  | 2.164e+04| 2.069e+04| 2.185e+04|   1.958e-02   |  1.195e-01 |  8.578e-03 |  6.688e-03 | 4.111e-03 |   3.973e-03  |  1.286e+05  |    1.308e+05   
 37.4% | 000095616 |    0.1577619  |          | 2.076e+04| 2.259e+04|               |            |            |  1.509e-01 | 4.283e-03 |   2.032e-03  |  1.255e+05  |    1.308e+05   
 37.5% | 000096000 |    0.1551264  |          | 2.071e+04| 2.238e+04|               |            |            |  1.480e-01 | 3.595e-03 |   3.015e-03  |  1.270e+05  |    1.308e+05   
 37.6% | 000096384 |    0.1559960  |          | 2.101e+04| 2.266e+04|               |            |            |  1.487e-01 | 5.075e-03 |   1.649e-03  |  1.257e+05  |    1.308e+05   
 37.8% | 000096768 |    0.1526222  | 2.159e+04| 2.098e+04| 2.152e+04|   1.939e-02   |  1.188e-01 |  8.475e-03 |  6.592e-03 | 4.010e-03 |   2.959e-03  |  1.279e+05  |    1.308e+05   
 38.0% | 000097152 |    0.1549473  |          | 2.096e+04| 2.223e+04|               |            |            |  1.490e-01 | 4.338e-03 |   1.047e-03  |  1.254e+05  |    1.308e+05   
 38.1% | 000097536 |    0.1533327  |          | 2.090e+04| 2.205e+04|               |            |            |  1.473e-01 | 3.685e-03 |   1.818e-03  |  1.261e+05  |    1.308e+05   
 38.2% | 000097920 |    0.1535532  |          | 2.094e+04| 2.150e+04|               |            |            |  1.474e-01 | 4.699e-03 |   8.931e-04  |  1.253e+05  |    1.308e+05   
 38.4% | 000098304 |    0.1512417  | 2.121e+04| 2.090e+04| 2.156e+04|   1.921e-02   |  1.182e-01 |  8.618e-03 |  6.528e-03 | 4.019e-03 |   2.407e-03  |  1.266e+05  |    1.308e+05   
 38.5% | 000098688 |    0.1528190  |          | 2.095e+04| 2.161e+04|               |            |            |  1.469e-01 | 4.392e-03 |   9.608e-04  |  1.247e+05  |    1.307e+05   
 38.7% | 000099072 |    0.1499762  |          | 2.095e+04| 2.156e+04|               |            |            |  1.442e-01 | 3.506e-03 |   1.698e-03  |  1.264e+05  |    1.307e+05   
 38.9% | 000099456 |    0.1504924  |          | 2.077e+04| 2.098e+04|               |            |            |  1.447e-01 | 4.273e-03 |   1.021e-03  |  1.254e+05  |    1.307e+05   
 39.0% | 000099840 |    0.1484687  | 2.106e+04| 2.076e+04| 2.092e+04|   1.902e-02   |  1.156e-01 |  8.302e-03 |  6.481e-03 | 4.088e-03 |   2.393e-03  |  1.265e+05  |    1.307e+05   
 39.1% | 000100224 |    0.1502313  |          | 2.080e+04| 2.079e+04|               |            |            |  1.443e-01 | 4.461e-03 |   9.723e-04  |  1.244e+05  |    1.307e+05   
 39.3% | 000100608 |    0.1479720  |          | 2.079e+04| 2.089e+04|               |            |            |  1.422e-01 | 3.426e-03 |   1.800e-03  |  1.256e+05  |    1.307e+05   
 39.5% | 000100992 |    0.1481336  |          | 2.109e+04| 2.079e+04|               |            |            |  1.423e-01 | 4.320e-03 |   9.518e-04  |  1.249e+05  |    1.307e+05   
 39.6% | 000101376 |    0.1468942  | 2.105e+04| 2.099e+04|          |   1.883e-02   |  1.140e-01 |  8.099e-03 |  6.450e-03 | 3.721e-03 |   3.267e-03  |  1.253e+05  |    1.307e+05   
 39.8% | 000101760 |    0.1486933  |          | 2.106e+04|          |               |            |            |  1.427e-01 | 4.047e-03 |   1.545e-03  |  1.232e+05  |    1.306e+05   
 39.9% | 000102144 |    0.1469118  |          | 2.104e+04|          |               |            |            |  1.412e-01 | 3.376e-03 |   2.002e-03  |  1.241e+05  |    1.306e+05   
 40.0% | 000102528 |    0.1475457  |          | 2.105e+04|          |               |            |            |  1.414e-01 | 4.219e-03 |   1.506e-03  |  1.229e+05  |    1.306e+05   
 40.2% | 000102912 |    0.1463929  | 2.079e+04| 2.097e+04|          |   1.879e-02   |  1.136e-01 |  8.204e-03 |  6.377e-03 | 3.705e-03 |   3.215e-03  |  1.233e+05  |    1.306e+05   
 40.4% | 000103296 |    0.1477802  |          | 2.102e+04|          |               |            |            |  1.417e-01 | 4.231e-03 |   1.441e-03  |  1.215e+05  |    1.306e+05   
 40.5% | 000103680 |    0.1458367  |          | 2.100e+04|          |               |            |            |  1.401e-01 | 3.344e-03 |   2.005e-03  |  1.225e+05  |    1.306e+05   
 40.6% | 000104064 |    0.1460845  |          | 2.098e+04|          |               |            |            |  1.400e-01 | 4.115e-03 |   1.557e-03  |  1.217e+05  |    1.305e+05   
 40.8% | 000104448 |    0.1442373  | 2.057e+04| 2.106e+04|          |   1.846e-02   |  1.118e-01 |  8.141e-03 |  6.305e-03 | 3.732e-03 |   3.192e-03  |  1.226e+05  |    1.305e+05   
 41.0% | 000104832 |    0.1453819  |          | 2.101e+04|          |               |            |            |  1.394e-01 | 3.974e-03 |   1.594e-03  |  1.210e+05  |    1.305e+05   
 41.1% | 000105216 |    0.1431332  |          | 2.100e+04|          |               |            |            |  1.375e-01 | 3.310e-03 |   1.949e-03  |  1.223e+05  |    1.305e+05   
 41.2% | 000105600 |    0.1446101  |          | 2.116e+04|          |               |            |            |  1.386e-01 | 4.143e-03 |   1.496e-03  |  1.204e+05  |    1.305e+05   
 41.4% | 000105984 |    0.1421304  | 2.054e+04| 2.110e+04|          |   1.827e-02   |  1.099e-01 |  8.352e-03 |  6.260e-03 | 3.880e-03 |   3.129e-03  |  1.219e+05  |    1.304e+05   
 41.5% | 000106368 |    0.1443097  |          | 2.118e+04|          |               |            |            |  1.383e-01 | 3.988e-03 |   1.536e-03  |  1.195e+05  |    1.304e+05   
 41.7% | 000106752 |    0.1421683  |          | 2.111e+04|          |               |            |            |  1.366e-01 | 3.301e-03 |   1.894e-03  |  1.206e+05  |    1.304e+05   
 41.9% | 000107136 |    0.1431804  |          | 2.120e+04|          |               |            |            |  1.371e-01 | 4.102e-03 |   1.577e-03  |  1.192e+05  |    1.304e+05   
 42.0% | 000107520 |    0.1415025  | 2.094e+04| 2.119e+04|          |   1.809e-02   |  1.096e-01 |  8.347e-03 |  6.225e-03 | 3.739e-03 |   3.107e-03  |  1.200e+05  |    1.304e+05   
 42.1% | 000107904 |    0.1427750  |          | 2.124e+04|          |               |            |            |  1.368e-01 | 3.992e-03 |   1.510e-03  |  1.183e+05  |    1.303e+05   
 42.3% | 000108288 |    0.1412097  |          | 2.119e+04|          |               |            |            |  1.355e-01 | 3.451e-03 |   1.841e-03  |  1.190e+05  |    1.303e+05   
 42.5% | 000108672 |    0.1420697  |          | 2.117e+04|          |               |            |            |  1.360e-01 | 4.132e-03 |   1.536e-03  |  1.176e+05  |    1.303e+05   
 42.6% | 000109056 |    0.1403416  | 2.101e+04| 2.116e+04|          |   1.790e-02   |  1.089e-01 |  8.034e-03 |  6.146e-03 | 3.548e-03 |   3.119e-03  |  1.185e+05  |    1.303e+05   
 42.8% | 000109440 |    0.1419409  |          | 2.106e+04|          |               |            |            |  1.360e-01 | 4.101e-03 |   1.422e-03  |  1.165e+05  |    1.302e+05   
 42.9% | 000109824 |    0.1397321  |          | 2.105e+04|          |               |            |            |  1.342e-01 | 3.267e-03 |   1.920e-03  |  1.177e+05  |    1.302e+05   
 43.0% | 000110208 |    0.1399524  |          | 2.125e+04|          |               |            |            |  1.339e-01 | 4.004e-03 |   1.595e-03  |  1.169e+05  |    1.302e+05   
 43.2% | 000110592 |    0.1382641  | 2.096e+04| 2.121e+04|          |   1.772e-02   |  1.071e-01 |  7.807e-03 |  6.072e-03 | 3.591e-03 |   3.063e-03  |  1.178e+05  |    1.302e+05   
 43.4% | 000110976 |    0.1392583  |          | 2.127e+04|          |               |            |            |  1.334e-01 | 3.939e-03 |   1.435e-03  |  1.163e+05  |    1.301e+05   
 43.5% | 000111360 |    0.1372891  |          | 2.123e+04|          |               |            |            |  1.317e-01 | 3.405e-03 |   1.801e-03  |  1.173e+05  |    1.301e+05   
 43.6% | 000111744 |    0.1388396  |          | 2.126e+04|          |               |            |            |  1.330e-01 | 4.061e-03 |   1.391e-03  |  1.154e+05  |    1.301e+05   
 43.8% | 000112128 |    0.1369835  | 2.076e+04| 2.108e+04|          |   1.753e-02   |  1.061e-01 |  8.164e-03 |  6.044e-03 | 3.614e-03 |   3.030e-03  |  1.164e+05  |    1.300e+05   
 44.0% | 000112512 |    0.1381867  |          | 2.132e+04|          |               |            |            |  1.325e-01 | 3.819e-03 |   1.476e-03  |  1.147e+05  |    1.300e+05   
 44.1% | 000112896 |    0.1361003  |          | 2.132e+04|          |               |            |            |  1.308e-01 | 3.147e-03 |   1.804e-03  |  1.159e+05  |    1.300e+05   
 44.2% | 000113280 |    0.1371806  |          | 2.131e+04|          |               |            |            |  1.314e-01 | 3.912e-03 |   1.429e-03  |  1.143e+05  |    1.300e+05   
 44.4% | 000113664 |    0.1359694  | 2.063e+04| 2.122e+04|          |   1.734e-02   |  1.054e-01 |  8.174e-03 |  5.963e-03 | 3.609e-03 |   2.946e-03  |  1.147e+05  |    1.299e+05   
 44.5% | 000114048 |    0.1368951  |          | 2.131e+04|          |               |            |            |  1.312e-01 | 3.798e-03 |   1.419e-03  |  1.134e+05  |    1.299e+05   
 44.7% | 000114432 |    0.1350753  |          | 2.129e+04|          |               |            |            |  1.298e-01 | 3.143e-03 |   1.778e-03  |  1.143e+05  |    1.299e+05   
 44.9% | 000114816 |    0.1353034  |          | 2.131e+04|          |               |            |            |  1.295e-01 | 3.886e-03 |   1.537e-03  |  1.134e+05  |    1.298e+05   
 45.0% | 000115200 |    0.1339517  | 2.042e+04| 2.111e+04|          |   1.716e-02   |  1.038e-01 |  7.875e-03 |  5.884e-03 | 3.454e-03 |   2.994e-03  |  1.140e+05  |    1.298e+05   
 45.1% | 000115584 |    0.1350074  |          | 2.115e+04|          |               |            |            |  1.291e-01 | 3.821e-03 |   1.632e-03  |  1.125e+05  |    1.298e+05   
 45.3% | 000115968 |    0.1331999  |          | 2.111e+04|          |               |            |            |  1.279e-01 | 3.073e-03 |   1.839e-03  |  1.134e+05  |    1.297e+05   
 45.5% | 000116352 |    0.1332566  |          | 2.111e+04|          |               |            |            |  1.275e-01 | 3.833e-03 |   1.480e-03  |  1.127e+05  |    1.297e+05   
 45.6% | 000116736 |    0.1323395  | 2.097e+04| 2.126e+04|          |   1.712e-02   |  1.023e-01 |  7.820e-03 |  5.822e-03 | 3.535e-03 |   2.882e-03  |  1.129e+05  |    1.297e+05   
 45.8% | 000117120 |    0.1331598  |          | 2.138e+04|          |               |            |            |  1.275e-01 | 3.816e-03 |   1.384e-03  |  1.115e+05  |    1.297e+05   
 45.9% | 000117504 |    0.1321083  |          | 2.136e+04|          |               |            |            |  1.268e-01 | 3.131e-03 |   1.776e-03  |  1.118e+05  |    1.296e+05   
 46.0% | 000117888 |    0.1327379  |          | 2.136e+04|          |               |            |            |  1.270e-01 | 3.876e-03 |   1.450e-03  |  1.107e+05  |    1.296e+05   
 46.2% | 000118272 |    0.1310329  | 2.095e+04| 2.138e+04|          |   1.679e-02   |  1.015e-01 |  7.937e-03 |  5.772e-03 | 3.336e-03 |   2.910e-03  |  1.115e+05  |    1.296e+05   
 46.4% | 000118656 |    0.1326084  |          | 2.138e+04|          |               |            |            |  1.271e-01 | 3.750e-03 |   1.348e-03  |  1.096e+05  |    1.295e+05   
 46.5% | 000119040 |    0.1311804  |          | 2.141e+04|          |               |            |            |  1.259e-01 | 3.127e-03 |   1.721e-03  |  1.101e+05  |    1.295e+05   
 46.6% | 000119424 |    0.1314627  |          | 2.142e+04|          |               |            |            |  1.258e-01 | 3.911e-03 |   1.333e-03  |  1.093e+05  |    1.294e+05   
 46.8% | 000119808 |    0.1303316  | 2.086e+04| 2.139e+04|          |   1.660e-02   |  1.008e-01 |  8.110e-03 |  5.723e-03 | 3.639e-03 |   2.812e-03  |  1.096e+05  |    1.294e+05   
 47.0% | 000120192 |    0.1309867  |          | 2.117e+04|          |               |            |            |  1.254e-01 | 3.747e-03 |   1.322e-03  |  1.084e+05  |    1.294e+05   
 47.1% | 000120576 |    0.1291958  |          | 2.113e+04|          |               |            |            |  1.240e-01 | 3.175e-03 |   1.641e-03  |  1.093e+05  |    1.293e+05   
 47.2% | 000120960 |    0.1291707  |          | 2.145e+04|          |               |            |            |  1.235e-01 | 3.821e-03 |   1.366e-03  |  1.087e+05  |    1.293e+05   
 47.4% | 000121344 |    0.1274817  | 2.077e+04| 2.143e+04|          |   1.641e-02   |  9.839e-02 |  7.812e-03 |  5.628e-03 | 3.548e-03 |   2.800e-03  |  1.095e+05  |    1.293e+05   
 47.5% | 000121728 |    0.1287843  |          | 2.148e+04|          |               |            |            |  1.233e-01 | 3.672e-03 |   1.319e-03  |  1.078e+05  |    1.292e+05   
 47.7% | 000122112 |    0.1272411  |          | 2.146e+04|          |               |            |            |  1.222e-01 | 3.052e-03 |   1.636e-03  |  1.085e+05  |    1.292e+05   
 47.9% | 000122496 |    0.1280532  |          | 2.117e+04|          |               |            |            |  1.226e-01 | 3.655e-03 |   1.441e-03  |  1.072e+05  |    1.292e+05   
 48.0% | 000122880 |    0.1263078  | 2.066e+04| 2.118e+04|          |   1.623e-02   |  9.766e-02 |  8.134e-03 |  5.601e-03 | 3.230e-03 |   2.885e-03  |  1.081e+05  |    1.291e+05   
 48.1% | 000123264 |    0.1283874  |          | 2.120e+04|          |               |            |            |  1.230e-01 | 3.598e-03 |   1.349e-03  |  1.057e+05  |    1.291e+05   
 48.3% | 000123648 |    0.1262350  |          | 2.117e+04|          |               |            |            |  1.211e-01 | 3.006e-03 |   1.693e-03  |  1.069e+05  |    1.290e+05   
 48.5% | 000124032 |    0.1273671  |          | 2.122e+04|          |               |            |            |  1.219e-01 | 3.620e-03 |   1.430e-03  |  1.053e+05  |    1.290e+05   
 48.6% | 000124416 |    0.1255478  | 2.044e+04| 2.120e+04|          |   1.604e-02   |  9.695e-02 |  8.059e-03 |  5.538e-03 | 3.562e-03 |   2.748e-03  |  1.062e+05  |    1.290e+05   
 48.8% | 000124800 |    0.1264775  |          | 2.152e+04|          |               |            |            |  1.211e-01 | 3.557e-03 |   1.338e-03  |  1.048e+05  |    1.289e+05   
 48.9% | 000125184 |    0.1251552  |          | 2.147e+04|          |               |            |            |  1.202e-01 | 2.874e-03 |   1.692e-03  |  1.053e+05  |    1.289e+05   
 49.0% | 000125568 |    0.1257585  |          | 2.121e+04|          |               |            |            |  1.203e-01 | 3.685e-03 |   1.381e-03  |  1.042e+05  |    1.288e+05   
 49.2% | 000125952 |    0.1243761  | 2.082e+04| 2.133e+04|          |   1.586e-02   |  9.607e-02 |  7.997e-03 |  5.472e-03 | 3.558e-03 |   2.705e-03  |  1.047e+05  |    1.288e+05   
 49.4% | 000126336 |    0.1247567  |          | 2.111e+04|          |               |            |            |  1.195e-01 | 3.521e-03 |   1.271e-03  |  1.038e+05  |    1.288e+05   
 49.5% | 000126720 |    0.1226145  |          | 2.107e+04|          |               |            |            |  1.176e-01 | 2.936e-03 |   1.670e-03  |  1.050e+05  |    1.287e+05   
 49.6% | 000127104 |    0.1231287  |          | 2.152e+04|          |               |            |            |  1.178e-01 | 3.555e-03 |   1.317e-03  |  1.039e+05  |    1.287e+05   
 49.8% | 000127488 |    0.1218633  | 2.088e+04| 2.136e+04|          |   1.567e-02   |  9.422e-02 |  7.765e-03 |  5.397e-03 | 3.169e-03 |   2.709e-03  |  1.044e+05  |    1.286e+05   
 50.0% | 000127872 |    0.1231284  |          | 2.129e+04|          |               |            |            |  1.179e-01 | 3.518e-03 |   1.253e-03  |  1.027e+05  |    1.286e+05   
 50.1% | 000128256 |    0.1209797  |          | 2.125e+04|          |               |            |            |  1.161e-01 | 2.848e-03 |   1.604e-03  |  1.039e+05  |    1.286e+05   
 50.2% | 000128640 |    0.1223043  |          | 2.126e+04|          |               |            |            |  1.168e-01 | 3.693e-03 |   1.387e-03  |  1.022e+05  |    1.285e+05   
 50.4% | 000129024 |    0.1207968  | 2.091e+04| 2.138e+04|          |   1.549e-02   |  9.342e-02 |  7.768e-03 |  5.366e-03 | 3.127e-03 |   2.702e-03  |  1.028e+05  |    1.285e+05   
 50.5% | 000129408 |    0.1219455  |          | 2.157e+04|          |               |            |            |  1.167e-01 | 3.406e-03 |   1.354e-03  |  1.012e+05  |    1.284e+05   
 50.7% | 000129792 |    0.1202019  |          | 2.155e+04|          |               |            |            |  1.154e-01 | 2.773e-03 |   1.621e-03  |  1.021e+05  |    1.284e+05   
 50.9% | 000130176 |    0.1209787  |          | 2.156e+04|          |               |            |            |  1.157e-01 | 3.583e-03 |   1.310e-03  |  1.008e+05  |    1.284e+05   
 51.0% | 000130560 |    0.1193343  | 2.060e+04| 2.138e+04|          |   1.530e-02   |  9.207e-02 |  7.674e-03 |  5.272e-03 | 3.432e-03 |   2.551e-03  |  1.016e+05  |    1.283e+05   
 51.1% | 000130944 |    0.1203718  |          | 2.158e+04|          |               |            |            |  1.153e-01 | 3.385e-03 |   1.282e-03  |  1.001e+05  |    1.283e+05   
 51.3% | 000131328 |    0.1185816  |          | 2.158e+04|          |               |            |            |  1.137e-01 | 2.904e-03 |   1.570e-03  |  1.010e+05  |    1.282e+05   
 51.5% | 000131712 |    0.1188936  |          | 2.131e+04|          |               |            |            |  1.136e-01 | 3.537e-03 |   1.403e-03  |  1.001e+05  |    1.282e+05   
 51.6% | 000132096 |    0.1169209  | 2.066e+04| 2.131e+04|          |   1.512e-02   |  9.003e-02 |  7.616e-03 |  5.186e-03 | 3.255e-03 |   2.628e-03  |  1.012e+05  |    1.281e+05   
 51.8% | 000132480 |    0.1182245  |          | 2.137e+04|          |               |            |            |  1.132e-01 | 3.294e-03 |   1.288e-03  |  9.942e+04  |    1.281e+05   
 51.9% | 000132864 |    0.1175599  |          | 2.134e+04|          |               |            |            |  1.128e-01 | 2.833e-03 |   1.551e-03  |  9.936e+04  |    1.281e+05   
 52.0% | 000133248 |    0.1175726  |          | 2.161e+04|          |               |            |            |  1.124e-01 | 3.550e-03 |   1.189e-03  |  9.873e+04  |    1.280e+05   
 52.2% | 000133632 |    0.1155937  | 2.029e+04| 2.142e+04|          |   1.493e-02   |  8.891e-02 |  7.427e-03 |  5.135e-03 | 3.295e-03 |   2.627e-03  |  9.980e+04  |    1.280e+05   
 52.4% | 000134016 |    0.1172491  |          | 2.138e+04|          |               |            |            |  1.122e-01 | 3.331e-03 |   1.274e-03  |  9.777e+04  |    1.279e+05   
 52.5% | 000134400 |    0.1156831  |          | 2.135e+04|          |               |            |            |  1.110e-01 | 2.676e-03 |   1.599e-03  |  9.848e+04  |    1.279e+05   
 52.6% | 000134784 |    0.1168410  |          | 2.132e+04|          |               |            |            |  1.116e-01 | 3.422e-03 |   1.375e-03  |  9.689e+04  |    1.278e+05   
 52.8% | 000135168 |    0.1147008  | 2.077e+04| 2.131e+04|          |   1.474e-02   |  8.843e-02 |  7.434e-03 |  5.074e-03 | 3.203e-03 |   2.557e-03  |  9.807e+04  |    1.278e+05   
 53.0% | 000135552 |    0.1158490  |          | 2.140e+04|          |               |            |            |  1.109e-01 | 3.261e-03 |   1.243e-03  |  9.648e+04  |    1.277e+05   
 53.1% | 000135936 |    0.1146906  |          | 2.137e+04|          |               |            |            |  1.101e-01 | 2.643e-03 |   1.555e-03  |  9.684e+04  |    1.277e+05   
 53.2% | 000136320 |    0.1154266  |          | 2.138e+04|          |               |            |            |  1.104e-01 | 3.438e-03 |   1.196e-03  |  9.561e+04  |    1.276e+05   
 53.4% | 000136704 |    0.1128111  | 2.087e+04| 2.137e+04|          |   1.455e-02   |  8.688e-02 |  7.281e-03 |  5.042e-03 | 3.143e-03 |   2.497e-03  |  9.720e+04  |    1.276e+05   
 53.5% | 000137088 |    0.1142051  |          | 2.170e+04|          |               |            |            |  1.092e-01 | 3.272e-03 |   1.291e-03  |  9.540e+04  |    1.276e+05   
 53.7% | 000137472 |    0.1119454  |          | 2.165e+04|          |               |            |            |  1.074e-01 | 2.605e-03 |   1.552e-03  |  9.669e+04  |    1.275e+05   
 53.9% | 000137856 |    0.1129942  |          | 2.127e+04|          |               |            |            |  1.080e-01 | 3.363e-03 |   1.199e-03  |  9.518e+04  |    1.275e+05   
 54.0% | 000138240 |    0.1110557  | 2.072e+04| 2.125e+04|          |   1.437e-02   |  8.550e-02 |  7.377e-03 |  4.945e-03 | 3.098e-03 |   2.455e-03  |  9.621e+04  |    1.274e+05   
 54.1% | 000138624 |    0.1124949  |          | 2.150e+04|          |               |            |            |  1.076e-01 | 3.222e-03 |   1.209e-03  |  9.436e+04  |    1.274e+05   
 54.3% | 000139008 |    0.1107063  |          | 2.143e+04|          |               |            |            |  1.062e-01 | 2.633e-03 |   1.454e-03  |  9.526e+04  |    1.273e+05   
 54.5% | 000139392 |    0.1120647  |          | 2.145e+04|          |               |            |            |  1.072e-01 | 3.433e-03 |   1.074e-03  |  9.349e+04  |    1.273e+05   
 54.6% | 000139776 |    0.1099047  | 2.058e+04| 2.143e+04|          |   1.419e-02   |  8.447e-02 |  7.496e-03 |  4.897e-03 | 3.162e-03 |   2.484e-03  |  9.470e+04  |    1.272e+05   
 54.8% | 000140160 |    0.1114996  |          | 2.150e+04|          |               |            |            |  1.067e-01 | 3.155e-03 |   1.213e-03  |  9.273e+04  |    1.272e+05   
 54.9% | 000140544 |    0.1097607  |          | 2.145e+04|          |               |            |            |  1.053e-01 | 2.602e-03 |   1.481e-03  |  9.358e+04  |    1.271e+05   
 55.0% | 000140928 |    0.1109663  |          | 2.145e+04|          |               |            |            |  1.060e-01 | 3.235e-03 |   1.277e-03  |  9.195e+04  |    1.271e+05   
 55.2% | 000141312 |    0.1086626  | 2.036e+04| 2.141e+04|          |   1.400e-02   |  8.363e-02 |  7.678e-03 |  4.850e-03 | 2.954e-03 |   2.528e-03  |  9.328e+04  |    1.271e+05   
 55.4% | 000141696 |    0.1104973  |          | 2.149e+04|          |               |            |            |  1.057e-01 | 3.227e-03 |   1.123e-03  |  9.111e+04  |    1.270e+05   
 55.5% | 000142080 |    0.1083982  |          | 2.145e+04|          |               |            |            |  1.040e-01 | 2.501e-03 |   1.498e-03  |  9.226e+04  |    1.270e+05   
 55.6% | 000142464 |    0.1086147  |          | 2.147e+04|          |               |            |            |  1.039e-01 | 3.148e-03 |   1.170e-03  |  9.145e+04  |    1.269e+05   
 55.8% | 000142848 |    0.1066016  | 2.024e+04| 2.147e+04|          |   1.381e-02   |  8.186e-02 |  7.538e-03 |  4.809e-03 | 3.006e-03 |   2.385e-03  |  9.255e+04  |    1.269e+05   
 56.0% | 000143232 |    0.1075283  |          | 2.146e+04|          |               |            |            |  1.028e-01 | 3.031e-03 |   1.206e-03  |  9.114e+04  |    1.268e+05   
 56.1% | 000143616 |    0.1064412  |          | 2.140e+04|          |               |            |            |  1.022e-01 | 2.501e-03 |   1.369e-03  |  9.144e+04  |    1.268e+05   
 56.2% | 000144000 |    0.1069349  |          | 2.149e+04|          |               |            |            |  1.021e-01 | 3.340e-03 |   1.093e-03  |  9.040e+04  |    1.267e+05   
 56.4% | 000144384 |    0.1051861  | 2.069e+04| 2.161e+04|          |   1.363e-02   |  8.092e-02 |  7.382e-03 |  4.739e-03 | 2.753e-03 |   2.445e-03  |  9.127e+04  |    1.267e+05   
 56.5% | 000144768 |    0.1066084  |          | 2.182e+04|          |               |            |            |  1.020e-01 | 3.063e-03 |   1.107e-03  |  8.944e+04  |    1.266e+05   
 56.7% | 000145152 |    0.1053840  |          | 2.179e+04|          |               |            |            |  1.010e-01 | 2.610e-03 |   1.335e-03  |  8.986e+04  |    1.266e+05   
 56.9% | 000145536 |    0.1066231  |          | 2.180e+04|          |               |            |            |  1.020e-01 | 3.115e-03 |   1.135e-03  |  8.820e+04  |    1.265e+05   
 57.0% | 000145920 |    0.1041753  | 2.090e+04| 2.164e+04|          |   1.344e-02   |  7.995e-02 |  7.264e-03 |  4.677e-03 | 3.104e-03 |   2.298e-03  |  8.964e+04  |    1.265e+05   
 57.1% | 000146304 |    0.1063448  |          | 2.162e+04|          |               |            |            |  1.017e-01 | 3.012e-03 |   1.171e-03  |  8.721e+04  |    1.264e+05   
 57.3% | 000146688 |    0.1046678  |          | 2.157e+04|          |               |            |            |  1.005e-01 | 2.431e-03 |   1.343e-03  |  8.798e+04  |    1.264e+05   
 57.5% | 000147072 |    0.1045102  |          | 2.157e+04|          |               |            |            |  9.982e-02 | 3.166e-03 |   1.085e-03  |  8.750e+04  |    1.263e+05   
 57.6% | 000147456 |    0.1027321  | 2.063e+04| 2.155e+04|          |   1.325e-02   |  7.890e-02 |  7.485e-03 |  4.608e-03 | 2.820e-03 |   2.377e-03  |  8.839e+04  |    1.263e+05   
 57.8% | 000147840 |    0.1035498  |          | 2.165e+04|          |               |            |            |  9.901e-02 | 3.039e-03 |   1.042e-03  |  8.707e+04  |    1.262e+05   
 57.9% | 000148224 |    0.1019114  |          | 2.162e+04|          |               |            |            |  9.773e-02 | 2.420e-03 |   1.385e-03  |  8.785e+04  |    1.262e+05   
 58.0% | 000148608 |    0.1030731  |          | 2.149e+04|          |               |            |            |  9.838e-02 | 3.138e-03 |   1.143e-03  |  8.624e+04  |    1.261e+05   
 58.2% | 000148992 |    0.1008509  | 2.059e+04| 2.145e+04|          |   1.309e-02   |  7.741e-02 |  7.215e-03 |  4.492e-03 | 2.857e-03 |   2.293e-03  |  8.751e+04  |    1.261e+05   
 58.4% | 000149376 |    0.1024160  |          | 2.169e+04|          |               |            |            |  9.793e-02 | 2.999e-03 |   1.041e-03  |  8.556e+04  |    1.260e+05   
 58.5% | 000149760 |    0.1007540  |          | 2.160e+04|          |               |            |            |  9.668e-02 | 2.376e-03 |   1.313e-03  |  8.635e+04  |    1.260e+05   
 58.6% | 000150144 |    0.1016787  |          | 2.166e+04|          |               |            |            |  9.719e-02 | 2.991e-03 |   1.089e-03  |  8.494e+04  |    1.259e+05   
 58.8% | 000150528 |    0.0994478  | 2.049e+04| 2.163e+04|          |   1.287e-02   |  7.630e-02 |  7.214e-03 |  4.462e-03 | 2.819e-03 |   2.291e-03  |  8.622e+04  |    1.259e+05   
 59.0% | 000150912 |    0.1012733  |          | 2.174e+04|          |               |            |            |  9.681e-02 | 2.868e-03 |   1.143e-03  |  8.405e+04  |    1.258e+05   
 59.1% | 000151296 |    0.0999537  |          | 2.166e+04|          |               |            |            |  9.582e-02 | 2.401e-03 |   1.358e-03  |  8.454e+04  |    1.258e+05   
 59.2% | 000151680 |    0.1008637  |          | 2.154e+04|          |               |            |            |  9.644e-02 | 2.956e-03 |   1.058e-03  |  8.317e+04  |    1.257e+05   
 59.4% | 000152064 |    0.0982404  | 2.003e+04| 2.154e+04|          |   1.270e-02   |  7.531e-02 |  7.090e-03 |  4.402e-03 | 2.921e-03 |   2.186e-03  |  8.476e+04  |    1.257e+05   
 59.5% | 000152448 |    0.1003802  |          | 2.177e+04|          |               |            |            |  9.590e-02 | 2.865e-03 |   1.152e-03  |  8.235e+04  |    1.256e+05   
 59.7% | 000152832 |    0.0984834  |          | 2.170e+04|          |               |            |            |  9.449e-02 | 2.262e-03 |   1.362e-03  |  8.331e+04  |    1.256e+05   
 59.9% | 000153216 |    0.0979868  |          | 2.173e+04|          |               |            |            |  9.346e-02 | 3.076e-03 |   1.031e-03  |  8.311e+04  |    1.255e+05   
 60.0% | 000153600 |    0.0957711  | 2.056e+04| 2.170e+04|          |   1.251e-02   |  7.331e-02 |  7.078e-03 |  4.314e-03 | 2.619e-03 |   2.313e-03  |  8.440e+04  |    1.255e+05   
 60.1% | 000153984 |    0.0978875  |          | 2.167e+04|          |               |            |            |  9.357e-02 | 2.870e-03 |   9.959e-04  |  8.196e+04  |    1.254e+05   
 60.3% | 000154368 |    0.0962089  |          | 2.160e+04|          |               |            |            |  9.225e-02 | 2.298e-03 |   1.282e-03  |  8.276e+04  |    1.254e+05   
 60.5% | 000154752 |    0.0971745  |          | 2.164e+04|          |               |            |            |  9.286e-02 | 2.886e-03 |   1.039e-03  |  8.133e+04  |    1.253e+05   
 60.6% | 000155136 |    0.0945298  | 2.068e+04| 2.164e+04|          |   1.232e-02   |  7.237e-02 |  6.862e-03 |  4.313e-03 | 2.657e-03 |   2.175e-03  |  8.297e+04  |    1.253e+05   
 60.8% | 000155520 |    0.0969728  |          | 2.185e+04|          |               |            |            |  9.269e-02 | 2.880e-03 |   9.512e-04  |  8.027e+04  |    1.252e+05   
 60.9% | 000155904 |    0.0954057  |          | 2.179e+04|          |               |            |            |  9.156e-02 | 2.200e-03 |   1.270e-03  |  8.096e+04  |    1.252e+05   
 61.0% | 000156288 |    0.0956032  |          | 2.181e+04|          |               |            |            |  9.138e-02 | 2.869e-03 |   9.740e-04  |  8.018e+04  |    1.251e+05   
 61.2% | 000156672 |    0.0939112  | 2.061e+04| 2.181e+04|          |   1.214e-02   |  7.207e-02 |  6.963e-03 |  4.207e-03 | 2.634e-03 |   2.172e-03  |  8.100e+04  |    1.251e+05   
 61.4% | 000157056 |    0.0956054  |          | 2.211e+04|          |               |            |            |  9.137e-02 | 2.800e-03 |   9.879e-04  |  7.895e+04  |    1.250e+05   
 61.5% | 000157440 |    0.0943761  |          | 2.205e+04|          |               |            |            |  9.049e-02 | 2.160e-03 |   1.353e-03  |  7.936e+04  |    1.250e+05   
 61.6% | 000157824 |    0.0944885  |          | 2.209e+04|          |               |            |            |  9.014e-02 | 2.924e-03 |   1.005e-03  |  7.865e+04  |    1.249e+05   
 61.8% | 000158208 |    0.0921017  | 2.043e+04| 2.196e+04|          |   1.195e-02   |  7.054e-02 |  6.782e-03 |  4.142e-03 | 2.645e-03 |   2.136e-03  |  8.006e+04  |    1.249e+05   
 62.0% | 000158592 |    0.0931729  |          | 2.194e+04|          |               |            |            |  8.905e-02 | 2.725e-03 |   9.406e-04  |  7.852e+04  |    1.248e+05   
 62.1% | 000158976 |    0.0917719  |          | 2.190e+04|          |               |            |            |  8.795e-02 | 2.132e-03 |   1.299e-03  |  7.909e+04  |    1.248e+05   
 62.2% | 000159360 |    0.0921804  |          | 2.191e+04|          |               |            |            |  8.792e-02 | 2.849e-03 |   1.014e-03  |  7.812e+04  |    1.247e+05   
 62.4% | 000159744 |    0.0901892  | 2.007e+04| 2.180e+04|          |   1.179e-02   |  6.892e-02 |  6.598e-03 |  4.110e-03 | 2.561e-03 |   2.112e-03  |  7.921e+04  |    1.247e+05   
 62.5% | 000160128 |    0.0922490  |          | 2.187e+04|          |               |            |            |  8.802e-02 | 2.729e-03 |   1.048e-03  |  7.683e+04  |    1.246e+05   
 62.7% | 000160512 |    0.0904340  |          | 2.178e+04|          |               |            |            |  8.676e-02 | 2.098e-03 |   1.210e-03  |  7.774e+04  |    1.246e+05   
 62.9% | 000160896 |    0.0917870  |          | 2.178e+04|          |               |            |            |  8.744e-02 | 2.854e-03 |   1.087e-03  |  7.599e+04  |    1.245e+05   
 63.0% | 000161280 |    0.0893250  | 1.994e+04| 2.187e+04|          |   1.159e-02   |  6.827e-02 |  6.543e-03 |  4.019e-03 | 2.717e-03 |   2.051e-03  |  7.745e+04  |    1.245e+05   
 63.1% | 000161664 |    0.0908405  |          | 2.208e+04|          |               |            |            |  8.673e-02 | 2.608e-03 |   1.045e-03  |  7.554e+04  |    1.244e+05   
 63.3% | 000162048 |    0.0898984  |          | 2.199e+04|          |               |            |            |  8.627e-02 | 2.054e-03 |   1.207e-03  |  7.572e+04  |    1.244e+05   
 63.5% | 000162432 |    0.0904119  |          | 2.201e+04|          |               |            |            |  8.644e-02 | 2.616e-03 |   9.615e-04  |  7.467e+04  |    1.243e+05   
 63.6% | 000162816 |    0.0886555  | 2.060e+04| 2.197e+04|          |   1.139e-02   |  6.804e-02 |  6.617e-03 |  4.007e-03 | 2.482e-03 |   2.040e-03  |  7.553e+04  |    1.243e+05   
 63.8% | 000163200 |    0.0899941  |          | 2.218e+04|          |               |            |            |  8.602e-02 | 2.610e-03 |   9.134e-04  |  7.380e+04  |    1.242e+05   
 63.9% | 000163584 |    0.0878191  |          | 2.209e+04|          |               |            |            |  8.421e-02 | 2.027e-03 |   1.192e-03  |  7.500e+04  |    1.242e+05   
 64.0% | 000163968 |    0.0883011  |          | 2.205e+04|          |               |            |            |  8.428e-02 | 2.716e-03 |   8.829e-04  |  7.397e+04  |    1.241e+05   
 64.2% | 000164352 |    0.0863508  | 2.067e+04| 2.205e+04|          |   1.121e-02   |  6.595e-02 |  6.802e-03 |  3.917e-03 | 2.597e-03 |   2.000e-03  |  7.502e+04  |    1.241e+05   
 64.3% | 000164736 |    0.0874704  |          | 2.216e+04|          |               |            |            |  8.352e-02 | 2.563e-03 |   9.402e-04  |  7.344e+04  |    1.240e+05   
 64.5% | 000165120 |    0.0856470  |          | 2.210e+04|          |               |            |            |  8.199e-02 | 2.141e-03 |   1.142e-03  |  7.437e+04  |    1.240e+05   
 64.7% | 000165504 |    0.0868795  |          | 2.199e+04|          |               |            |            |  8.290e-02 | 2.644e-03 |   9.202e-04  |  7.270e+04  |    1.239e+05   
 64.8% | 000165888 |    0.0852179  | 2.039e+04| 2.198e+04|          |   1.102e-02   |  6.517e-02 |  6.638e-03 |  3.875e-03 | 2.511e-03 |   1.954e-03  |  7.349e+04  |    1.239e+05   
 65.0% | 000166272 |    0.0862122  |          | 2.210e+04|          |               |            |            |  8.228e-02 | 2.549e-03 |   9.152e-04  |  7.203e+04  |    1.238e+05   
 65.1% | 000166656 |    0.0847917  |          | 2.201e+04|          |               |            |            |  8.119e-02 | 2.080e-03 |   1.135e-03  |  7.261e+04  |    1.238e+05   
 65.2% | 000167040 |    0.0856782  |          | 2.218e+04|          |               |            |            |  8.175e-02 | 2.517e-03 |   9.822e-04  |  7.124e+04  |    1.237e+05   
 65.4% | 000167424 |    0.0839950  | 2.028e+04| 2.208e+04|          |   1.083e-02   |  6.431e-02 |  6.428e-03 |  3.791e-03 | 2.417e-03 |   1.962e-03  |  7.205e+04  |    1.237e+05   
 65.5% | 000167808 |    0.0855442  |          | 2.228e+04|          |               |            |            |  8.171e-02 | 2.508e-03 |   8.770e-04  |  7.013e+04  |    1.236e+05   
 65.7% | 000168192 |    0.0836611  |          | 2.221e+04|          |               |            |            |  8.022e-02 | 1.928e-03 |   1.133e-03  |  7.109e+04  |    1.236e+05   
 65.8% | 000168576 |    0.0843824  |          | 2.210e+04|          |               |            |            |  8.042e-02 | 2.716e-03 |   8.342e-04  |  6.987e+04  |    1.235e+05   
 66.0% | 000168960 |    0.0821727  | 1.990e+04| 2.225e+04|          |   1.065e-02   |  6.287e-02 |  6.259e-03 |  3.695e-03 | 2.325e-03 |   1.933e-03  |  7.112e+04  |    1.235e+05   
 66.2% | 000169344 |    0.0833376  |          | 2.237e+04|          |               |            |            |  7.953e-02 | 2.451e-03 |   9.041e-04  |  6.951e+04  |    1.234e+05   
 66.3% | 000169728 |    0.0813512  |          | 2.228e+04|          |               |            |            |  7.793e-02 | 1.888e-03 |   1.140e-03  |  7.058e+04  |    1.234e+05   
 66.5% | 000170112 |    0.0826697  |          | 2.252e+04|          |               |            |            |  7.886e-02 | 2.585e-03 |   8.260e-04  |  6.884e+04  |    1.233e+05   
 66.6% | 000170496 |    0.0800480  | 1.982e+04| 2.238e+04|          |   1.046e-02   |  6.098e-02 |  6.364e-03 |  3.662e-03 | 2.370e-03 |   1.876e-03  |  7.046e+04  |    1.233e+05   
 66.8% | 000170880 |    0.0817740  |          | 2.259e+04|          |               |            |            |  7.805e-02 | 2.389e-03 |   8.748e-04  |  6.835e+04  |    1.232e+05   
 66.9% | 000171264 |    0.0805584  |          | 2.252e+04|          |               |            |            |  7.716e-02 | 2.050e-03 |   9.789e-04  |  6.876e+04  |    1.232e+05   
 67.0% | 000171648 |    0.0809568  |          | 2.245e+04|          |               |            |            |  7.714e-02 | 2.602e-03 |   7.971e-04  |  6.781e+04  |    1.231e+05   
 67.2% | 000172032 |    0.0795729  | 2.039e+04| 2.241e+04|          |   1.036e-02   |  6.065e-02 |  6.224e-03 |  3.598e-03 | 2.421e-03 |   1.832e-03  |  6.836e+04  |    1.231e+05   
 67.3% | 000172416 |    0.0808064  |          | 2.250e+04|          |               |            |            |  7.714e-02 | 2.355e-03 |   8.515e-04  |  6.670e+04  |    1.230e+05   
 67.5% | 000172800 |    0.0793514  |          | 2.244e+04|          |               |            |            |  7.605e-02 | 1.819e-03 |   1.100e-03  |  6.731e+04  |    1.230e+05   
 67.7% | 000173184 |    0.0801038  |          | 2.250e+04|          |               |            |            |  7.643e-02 | 2.428e-03 |   8.634e-04  |  6.606e+04  |    1.229e+05   
 67.8% | 000173568 |    0.0784977  | 2.076e+04| 2.247e+04|          |   1.009e-02   |  5.998e-02 |  6.303e-03 |  3.538e-03 | 2.407e-03 |   1.787e-03  |  6.679e+04  |    1.228e+05   
 68.0% | 000173952 |    0.0796249  |          | 2.257e+04|          |               |            |            |  7.600e-02 | 2.278e-03 |   8.902e-04  |  6.523e+04  |    1.228e+05   
 68.1% | 000174336 |    0.0778850  |          | 2.252e+04|          |               |            |            |  7.456e-02 | 1.926e-03 |   1.015e-03  |  6.607e+04  |    1.227e+05   
 68.2% | 000174720 |    0.0777362  |          | 2.257e+04|          |               |            |            |  7.416e-02 | 2.317e-03 |   8.380e-04  |  6.558e+04  |    1.227e+05   
 68.4% | 000175104 |    0.0756911  | 2.030e+04| 2.249e+04|          |   9.902e-03   |  5.759e-02 |  6.270e-03 |  3.473e-03 | 2.195e-03 |   1.841e-03  |  6.672e+04  |    1.226e+05   
 68.5% | 000175488 |    0.0775273  |          | 2.258e+04|          |               |            |            |  7.399e-02 | 2.221e-03 |   8.725e-04  |  6.452e+04  |    1.226e+05   
 68.7% | 000175872 |    0.0758098  |          | 2.246e+04|          |               |            |            |  7.265e-02 | 1.761e-03 |   1.026e-03  |  6.536e+04  |    1.225e+05   
 68.8% | 000176256 |    0.0767461  |          | 2.248e+04|          |               |            |            |  7.303e-02 | 2.542e-03 |   7.552e-04  |  6.394e+04  |    1.225e+05   
 69.0% | 000176640 |    0.0748479  | 2.050e+04| 2.257e+04|          |   9.719e-03   |  5.704e-02 |  6.172e-03 |  3.420e-03 | 2.196e-03 |   1.770e-03  |  6.494e+04  |    1.224e+05   
 69.2% | 000177024 |    0.0763741  |          | 2.262e+04|          |               |            |            |  7.289e-02 | 2.255e-03 |   7.906e-04  |  6.302e+04  |    1.224e+05   
 69.3% | 000177408 |    0.0748231  |          | 2.252e+04|          |               |            |            |  7.168e-02 | 1.726e-03 |   1.032e-03  |  6.371e+04  |    1.223e+05   
 69.5% | 000177792 |    0.0758962  |          | 2.270e+04|          |               |            |            |  7.238e-02 | 2.381e-03 |   7.365e-04  |  6.220e+04  |    1.223e+05   
 69.6% | 000178176 |    0.0738243  | 1.977e+04| 2.271e+04|          |   9.523e-03   |  5.632e-02 |  6.155e-03 |  3.367e-03 | 2.219e-03 |   1.704e-03  |  6.332e+04  |    1.222e+05   
 69.8% | 000178560 |    0.0755013  |          | 2.280e+04|          |               |            |            |  7.203e-02 | 2.254e-03 |   7.674e-04  |  6.130e+04  |    1.222e+05   
 69.9% | 000178944 |    0.0738963  |          | 2.276e+04|          |               |            |            |  7.086e-02 | 1.740e-03 |   9.137e-04  |  6.202e+04  |    1.221e+05   
 70.0% | 000179328 |    0.0746495  |          | 2.266e+04|          |               |            |            |  7.118e-02 | 2.272e-03 |   7.868e-04  |  6.078e+04  |    1.221e+05   
 70.2% | 000179712 |    0.0720512  | 1.994e+04| 2.267e+04|          |   9.352e-03   |  5.487e-02 |  6.079e-03 |  3.310e-03 | 2.118e-03 |   1.686e-03  |  6.235e+04  |    1.220e+05   
 70.3% | 000180096 |    0.0729382  |          | 2.280e+04|          |               |            |            |  6.961e-02 | 2.155e-03 |   7.277e-04  |  6.097e+04  |    1.220e+05   
 70.5% | 000180480 |    0.0718048  |          | 2.275e+04|          |               |            |            |  6.881e-02 | 1.714e-03 |   9.057e-04  |  6.131e+04  |    1.219e+05   
 70.7% | 000180864 |    0.0725279  |          | 2.287e+04|          |               |            |            |  6.901e-02 | 2.306e-03 |   8.050e-04  |  6.009e+04  |    1.219e+05   
 70.8% | 000181248 |    0.0705062  | 2.016e+04| 2.287e+04|          |   9.160e-03   |  5.361e-02 |  6.008e-03 |  3.203e-03 | 2.121e-03 |   1.710e-03  |  6.118e+04  |    1.218e+05   
 71.0% | 000181632 |    0.0717098  |          | 2.300e+04|          |               |            |            |  6.840e-02 | 2.056e-03 |   8.011e-04  |  5.954e+04  |    1.218e+05   
 71.1% | 000182016 |    0.0706683  |          | 2.295e+04|          |               |            |            |  6.771e-02 | 1.620e-03 |   9.583e-04  |  5.979e+04  |    1.218e+05   
 71.2% | 000182400 |    0.0711315  |          | 2.303e+04|          |               |            |            |  6.774e-02 | 2.365e-03 |   6.185e-04  |  5.879e+04  |    1.217e+05   
 71.4% | 000182784 |    0.0693404  | 2.068e+04| 2.299e+04|          |   8.970e-03   |  5.286e-02 |  5.975e-03 |  3.146e-03 | 2.020e-03 |   1.644e-03  |  5.968e+04  |    1.217e+05   
 71.5% | 000183168 |    0.0711139  |          | 2.299e+04|          |               |            |            |  6.776e-02 | 2.122e-03 |   7.831e-04  |  5.759e+04  |    1.216e+05   
 71.7% | 000183552 |    0.0696085  |          | 2.295e+04|          |               |            |            |  6.673e-02 | 1.586e-03 |   9.125e-04  |  5.822e+04  |    1.216e+05   
 71.8% | 000183936 |    0.0701162  |          | 2.300e+04|          |               |            |            |  6.689e-02 | 2.126e-03 |   7.011e-04  |  5.719e+04  |    1.215e+05   
 72.0% | 000184320 |    0.0692668  | 2.056e+04| 2.300e+04|          |   8.790e-03   |  5.295e-02 |  6.004e-03 |  3.141e-03 | 2.089e-03 |   1.596e-03  |  5.727e+04  |    1.215e+05   
 72.2% | 000184704 |    0.0697864  |          | 2.306e+04|          |               |            |            |  6.658e-02 | 2.064e-03 |   6.909e-04  |  5.624e+04  |    1.214e+05   
 72.3% | 000185088 |    0.0680398  |          | 2.305e+04|          |               |            |            |  6.521e-02 | 1.558e-03 |   8.959e-04  |  5.707e+04  |    1.214e+05   
 72.5% | 000185472 |    0.0679449  |          | 2.306e+04|          |               |            |            |  6.476e-02 | 2.119e-03 |   6.570e-04  |  5.653e+04  |    1.213e+05   
 72.6% | 000185856 |    0.0666059  | 2.024e+04| 2.305e+04|          |   8.593e-03   |  5.060e-02 |  6.083e-03 |  3.065e-03 | 2.098e-03 |   1.543e-03  |  5.704e+04  |    1.213e+05   
 72.8% | 000186240 |    0.0675343  |          | 2.305e+04|          |               |            |            |  6.439e-02 | 1.964e-03 |   7.261e-04  |  5.565e+04  |    1.212e+05   
 72.9% | 000186624 |    0.0659884  |          | 2.305e+04|          |               |            |            |  6.325e-02 | 1.519e-03 |   8.396e-04  |  5.633e+04  |    1.212e+05   
 73.0% | 000187008 |    0.0667497  |          | 2.316e+04|          |               |            |            |  6.366e-02 | 1.994e-03 |   6.922e-04  |  5.507e+04  |    1.211e+05   
 73.2% | 000187392 |    0.0652025  | 1.994e+04| 2.319e+04|          |   8.419e-03   |  4.963e-02 |  5.909e-03 |  2.993e-03 | 1.883e-03 |   1.577e-03  |  5.575e+04  |    1.211e+05   
 73.3% | 000187776 |    0.0668927  |          | 2.304e+04|          |               |            |            |  6.390e-02 | 1.872e-03 |   6.780e-04  |  5.374e+04  |    1.210e+05   
 73.5% | 000188160 |    0.0654908  |          | 2.311e+04|          |               |            |            |  6.280e-02 | 1.486e-03 |   8.321e-04  |  5.428e+04  |    1.210e+05   
 73.7% | 000188544 |    0.0660899  |          | 2.311e+04|          |               |            |            |  6.291e-02 | 2.077e-03 |   6.884e-04  |  5.318e+04  |    1.209e+05   
 73.8% | 000188928 |    0.0640776  | 1.970e+04| 2.317e+04|          |   8.236e-03   |  4.880e-02 |  5.921e-03 |  2.898e-03 | 1.949e-03 |   1.495e-03  |  5.423e+04  |    1.209e+05   
 74.0% | 000189312 |    0.0660154  |          | 2.313e+04|          |               |            |            |  6.290e-02 | 1.947e-03 |   6.847e-04  |  5.204e+04  |    1.208e+05   
 74.1% | 000189696 |    0.0642347  |          | 2.320e+04|          |               |            |            |  6.154e-02 | 1.447e-03 |   8.654e-04  |  5.287e+04  |    1.208e+05   
 74.2% | 000190080 |    0.0648698  |          | 2.327e+04|          |               |            |            |  6.177e-02 | 2.131e-03 |   5.453e-04  |  5.175e+04  |    1.207e+05   
 74.4% | 000190464 |    0.0631636  | 1.935e+04| 2.321e+04|          |   8.052e-03   |  4.804e-02 |  5.895e-03 |  2.873e-03 | 2.018e-03 |   1.469e-03  |  5.253e+04  |    1.207e+05   
 74.5% | 000190848 |    0.0636453  |          | 2.308e+04|          |               |            |            |  6.072e-02 | 1.850e-03 |   6.191e-04  |  5.152e+04  |    1.206e+05   
 74.7% | 000191232 |    0.0616761  |          | 2.317e+04|          |               |            |            |  5.908e-02 | 1.413e-03 |   8.045e-04  |  5.255e+04  |    1.206e+05   
 74.8% | 000191616 |    0.0623884  |          | 2.325e+04|          |               |            |            |  5.929e-02 | 2.036e-03 |   6.653e-04  |  5.133e+04  |    1.205e+05   
 75.0% | 000192000 |    0.0610061  | 2.036e+04| 2.320e+04|          |   7.860e-03   |  4.625e-02 |  5.821e-03 |  2.803e-03 | 2.002e-03 |   1.393e-03  |  5.187e+04  |    1.205e+05   
 75.2% | 000192384 |    0.0623451  |          | 2.310e+04|          |               |            |            |  5.945e-02 | 1.827e-03 |   6.106e-04  |  5.015e+04  |    1.204e+05   
 75.3% | 000192768 |    0.0611985  |          | 2.333e+04|          |               |            |            |  5.858e-02 | 1.479e-03 |   7.639e-04  |  5.048e+04  |    1.204e+05   
 75.5% | 000193152 |    0.0619620  |          | 2.331e+04|          |               |            |            |  5.889e-02 | 2.000e-03 |   6.344e-04  |  4.926e+04  |    1.203e+05   
 75.6% | 000193536 |    0.0604105  | 1.922e+04| 2.322e+04|          |   7.677e-03   |  4.603e-02 |  5.717e-03 |  2.740e-03 | 1.877e-03 |   1.390e-03  |  4.991e+04  |    1.203e+05   
 75.8% | 000193920 |    0.0616077  |          | 2.304e+04|          |               |            |            |  5.873e-02 | 1.821e-03 |   6.017e-04  |  4.834e+04  |    1.203e+05   
 75.9% | 000194304 |    0.0604663  |          | 2.331e+04|          |               |            |            |  5.789e-02 | 1.474e-03 |   7.101e-04  |  4.865e+04  |    1.202e+05   
 76.0% | 000194688 |    0.0605416  |          | 2.322e+04|          |               |            |            |  5.762e-02 | 1.932e-03 |   5.687e-04  |  4.799e+04  |    1.202e+05   
 76.2% | 000195072 |    0.0592171  | 1.905e+04| 2.322e+04|          |   7.484e-03   |  4.508e-02 |  5.812e-03 |  2.673e-03 | 1.892e-03 |   1.348e-03  |  4.845e+04  |    1.201e+05   
 76.3% | 000195456 |    0.0607340  |          | 2.301e+04|          |               |            |            |  5.790e-02 | 1.837e-03 |   5.410e-04  |  4.665e+04  |    1.201e+05   
 76.5% | 000195840 |    0.0586864  |          | 2.330e+04|          |               |            |            |  5.628e-02 | 1.318e-03 |   7.126e-04  |  4.767e+04  |    1.200e+05   
 76.7% | 000196224 |    0.0585065  |          | 2.326e+04|          |               |            |            |  5.573e-02 | 1.807e-03 |   5.443e-04  |  4.721e+04  |    1.200e+05   
 76.8% | 000196608 |    0.0569413  | 1.895e+04| 2.319e+04|          |   7.294e-03   |  4.318e-02 |  5.695e-03 |  2.593e-03 | 1.829e-03 |   1.340e-03  |  4.788e+04  |    1.199e+05   
 77.0% | 000196992 |    0.0584282  |          | 2.295e+04|          |               |            |            |  5.570e-02 | 1.722e-03 |   5.520e-04  |  4.607e+04  |    1.199e+05   
 77.1% | 000197376 |    0.0572422  |          | 2.324e+04|          |               |            |            |  5.490e-02 | 1.280e-03 |   6.830e-04  |  4.641e+04  |    1.198e+05   
 77.2% | 000197760 |    0.0575724  |          | 2.326e+04|          |               |            |            |  5.484e-02 | 1.737e-03 |   5.671e-04  |  4.555e+04  |    1.198e+05   
 77.4% | 000198144 |    0.0560261  | 1.871e+04| 2.315e+04|          |   7.125e-03   |  4.256e-02 |  5.633e-03 |  2.572e-03 | 1.759e-03 |   1.296e-03  |  4.619e+04  |    1.197e+05   
 77.5% | 000198528 |    0.0573903  |          | 2.288e+04|          |               |            |            |  5.471e-02 | 1.665e-03 |   5.649e-04  |  4.450e+04  |    1.197e+05   
 77.7% | 000198912 |    0.0560760  |          | 2.318e+04|          |               |            |            |  5.375e-02 | 1.286e-03 |   6.653e-04  |  4.494e+04  |    1.196e+05   
 77.8% | 000199296 |    0.0564043  |          | 2.322e+04|          |               |            |            |  5.366e-02 | 1.769e-03 |   5.399e-04  |  4.408e+04  |    1.196e+05   
 78.0% | 000199680 |    0.0553688  | 1.860e+04| 2.307e+04|          |   6.927e-03   |  4.225e-02 |  5.594e-03 |  2.465e-03 | 1.714e-03 |   1.314e-03  |  4.430e+04  |    1.196e+05   
 78.2% | 000200064 |    0.0564413  |          | 2.290e+04|          |               |            |            |  5.386e-02 | 1.609e-03 |   5.242e-04  |  4.287e+04  |    1.195e+05   
 78.3% | 000200448 |    0.0552461  |          | 2.333e+04|          |               |            |            |  5.292e-02 | 1.286e-03 |   6.567e-04  |  4.320e+04  |    1.195e+05   
 78.5% | 000200832 |    0.0552815  |          | 2.311e+04|          |               |            |            |  5.255e-02 | 1.768e-03 |   5.102e-04  |  4.258e+04  |    1.194e+05   
 78.6% | 000201216 |    0.0538924  | 2.012e+04| 2.305e+04|          |   6.739e-03   |  4.110e-02 |  5.644e-03 |  2.423e-03 | 1.738e-03 |   1.182e-03  |  4.307e+04  |    1.194e+05   
 78.8% | 000201600 |    0.0542744  |          | 2.284e+04|          |               |            |            |  5.171e-02 | 1.631e-03 |   4.920e-04  |  4.217e+04  |    1.193e+05   
 78.9% | 000201984 |    0.0527122  |          | 2.313e+04|          |               |            |            |  5.051e-02 | 1.220e-03 |   6.098e-04  |  4.281e+04  |    1.193e+05   
 79.0% | 000202368 |    0.0531348  |          | 2.309e+04|          |               |            |            |  5.036e-02 | 1.818e-03 |   5.192e-04  |  4.187e+04  |    1.192e+05   
 79.2% | 000202752 |    0.0517923  | 1.999e+04| 2.301e+04|          |   6.560e-03   |  3.930e-02 |  5.513e-03 |  2.372e-03 | 1.737e-03 |   1.131e-03  |  4.235e+04  |    1.192e+05   
 79.3% | 000203136 |    0.0532320  |          | 2.280e+04|          |               |            |            |  5.072e-02 | 1.602e-03 |   4.640e-04  |  4.061e+04  |    1.192e+05   
 79.5% | 000203520 |    0.0523674  |          | 2.308e+04|          |               |            |            |  5.024e-02 | 1.153e-03 |   5.988e-04  |  4.069e+04  |    1.191e+05   
 79.7% | 000203904 |    0.0525485  |          | 2.316e+04|          |               |            |            |  5.000e-02 | 1.670e-03 |   4.416e-04  |  3.996e+04  |    1.191e+05   
 79.8% | 000204288 |    0.0512080  | 1.977e+04| 2.300e+04|          |   6.380e-03   |  3.904e-02 |  5.439e-03 |  2.313e-03 | 1.626e-03 |   1.151e-03  |  4.040e+04  |    1.190e+05   
 80.0% | 000204672 |    0.0527028  |          | 2.277e+04|          |               |            |            |  5.028e-02 | 1.471e-03 |   4.989e-04  |  3.868e+04  |    1.190e+05   
 80.1% | 000205056 |    0.0511971  |          | 2.312e+04|          |               |            |            |  4.915e-02 | 1.115e-03 |   5.755e-04  |  3.923e+04  |    1.189e+05   
 80.2% | 000205440 |    0.0516390  |          | 2.310e+04|          |               |            |            |  4.910e-02 | 1.669e-03 |   4.189e-04  |  3.831e+04  |    1.189e+05   
 80.4% | 000205824 |    0.0501853  | 1.877e+04| 2.310e+04|          |   6.186e-03   |  3.838e-02 |  5.575e-03 |  2.230e-03 | 1.560e-03 |   1.137e-03  |  3.882e+04  |    1.188e+05   
 80.5% | 000206208 |    0.0515350  |          | 2.266e+04|          |               |            |            |  4.914e-02 | 1.483e-03 |   4.615e-04  |  3.723e+04  |    1.188e+05   
 80.7% | 000206592 |    0.0495271  |          | 2.311e+04|          |               |            |            |  4.751e-02 | 1.084e-03 |   5.714e-04  |  3.815e+04  |    1.188e+05   
 80.8% | 000206976 |    0.0495307  |          | 2.303e+04|          |               |            |            |  4.706e-02 | 1.612e-03 |   4.271e-04  |  3.756e+04  |    1.187e+05   
 81.0% | 000207360 |    0.0480631  | 1.893e+04| 2.296e+04|          |   6.027e-03   |  3.649e-02 |  5.491e-03 |  2.196e-03 | 1.573e-03 |   1.072e-03  |  3.810e+04  |    1.187e+05   
 81.2% | 000207744 |    0.0490987  |          | 2.263e+04|          |               |            |            |  4.678e-02 | 1.408e-03 |   4.612e-04  |  3.671e+04  |    1.186e+05   
 81.3% | 000208128 |    0.0479769  |          | 2.305e+04|          |               |            |            |  4.596e-02 | 1.155e-03 |   4.881e-04  |  3.698e+04  |    1.186e+05   
 81.5% | 000208512 |    0.0485393  |          | 2.300e+04|          |               |            |            |  4.622e-02 | 1.504e-03 |   3.961e-04  |  3.597e+04  |    1.185e+05   
 81.6% | 000208896 |    0.0471007  | 1.881e+04| 2.284e+04|          |   5.826e-03   |  3.591e-02 |  5.466e-03 |  2.120e-03 | 1.491e-03 |   1.064e-03  |  3.647e+04  |    1.185e+05   
 81.8% | 000209280 |    0.0483301  |          | 2.255e+04|          |               |            |            |  4.605e-02 | 1.398e-03 |   4.295e-04  |  3.497e+04  |    1.185e+05   
 81.9% | 000209664 |    0.0471662  |          | 2.308e+04|          |               |            |            |  4.525e-02 | 1.052e-03 |   4.902e-04  |  3.525e+04  |    1.184e+05   
 82.0% | 000210048 |    0.0475525  |          | 2.289e+04|          |               |            |            |  4.517e-02 | 1.578e-03 |   3.835e-04  |  3.439e+04  |    1.184e+05   
 82.2% | 000210432 |    0.0462472  | 1.979e+04| 2.285e+04|          |   5.657e-03   |  3.533e-02 |  5.350e-03 |  2.055e-03 | 1.523e-03 |   9.820e-04  |  3.477e+04  |    1.183e+05   
 82.3% | 000210816 |    0.0475530  |          | 2.256e+04|          |               |            |            |  4.530e-02 | 1.445e-03 |   3.360e-04  |  3.325e+04  |    1.183e+05   
 82.5% | 000211200 |    0.0463331  |          | 2.295e+04|          |               |            |            |  4.447e-02 | 1.038e-03 |   4.459e-04  |  3.355e+04  |    1.183e+05   
 82.7% | 000211584 |    0.0465197  |          | 2.298e+04|          |               |            |            |  4.425e-02 | 1.500e-03 |   3.385e-04  |  3.285e+04  |    1.182e+05   
 82.8% | 000211968 |    0.0449939  | 1.980e+04| 2.273e+04|          |   5.479e-03   |  3.447e-02 |  5.356e-03 |  1.969e-03 | 1.467e-03 |   8.783e-04  |  3.338e+04  |    1.182e+05   
 83.0% | 000212352 |    0.0456687  |          | 2.244e+04|          |               |            |            |  4.348e-02 | 1.392e-03 |   3.430e-04  |  3.232e+04  |    1.181e+05   
 83.1% | 000212736 |    0.0439024  |          | 2.287e+04|          |               |            |            |  4.211e-02 | 1.029e-03 |   3.938e-04  |  3.303e+04  |    1.181e+05   
 83.2% | 000213120 |    0.0443145  |          | 2.286e+04|          |               |            |            |  4.213e-02 | 1.468e-03 |   2.970e-04  |  3.215e+04  |    1.180e+05   
 83.4% | 000213504 |    0.0429849  | 1.931e+04| 2.278e+04|          |   5.277e-03   |  3.270e-02 |  5.311e-03 |  1.915e-03 | 1.540e-03 |   8.615e-04  |  3.256e+04  |    1.180e+05   
 83.5% | 000213888 |    0.0446349  |          | 2.246e+04|          |               |            |            |  4.263e-02 | 1.252e-03 |   2.999e-04  |  3.079e+04  |    1.180e+05   
 83.7% | 000214272 |    0.0433152  |          | 2.300e+04|          |               |            |            |  4.161e-02 | 9.135e-04 |   4.121e-04  |  3.116e+04  |    1.179e+05   
 83.8% | 000214656 |    0.0433797  |          | 2.280e+04|          |               |            |            |  4.125e-02 | 1.435e-03 |   2.719e-04  |  3.054e+04  |    1.179e+05   
 84.0% | 000215040 |    0.0421997  | 1.891e+04| 2.268e+04|          |   5.097e-03   |  3.228e-02 |  5.250e-03 |  1.853e-03 | 1.390e-03 |   8.925e-04  |  3.082e+04  |    1.178e+05   
 84.2% | 000215424 |    0.0438298  |          | 2.238e+04|          |               |            |            |  4.184e-02 | 1.243e-03 |   3.072e-04  |  2.912e+04  |    1.178e+05   
 84.3% | 000215808 |    0.0427105  |          | 2.297e+04|          |               |            |            |  4.108e-02 | 8.841e-04 |   3.797e-04  |  2.933e+04  |    1.178e+05   
 84.5% | 000216192 |    0.0427602  |          | 2.290e+04|          |               |            |            |  4.068e-02 | 1.390e-03 |   2.579e-04  |  2.874e+04  |    1.177e+05   
 84.6% | 000216576 |    0.0414629  | 1.852e+04| 2.286e+04|          |   4.936e-03   |  3.180e-02 |  5.182e-03 |  1.825e-03 | 1.320e-03 |   8.790e-04  |  2.907e+04  |    1.177e+05   
 84.8% | 000216960 |    0.0427326  |          | 2.226e+04|          |               |            |            |  4.079e-02 | 1.231e-03 |   2.646e-04  |  2.766e+04  |    1.176e+05   
 84.9% | 000217344 |    0.0409759  |          | 2.270e+04|          |               |            |            |  3.935e-02 | 8.465e-04 |   3.912e-04  |  2.829e+04  |    1.176e+05   
 85.0% | 000217728 |    0.0403585  |          | 2.274e+04|          |               |            |            |  3.834e-02 | 1.366e-03 |   2.308e-04  |  2.815e+04  |    1.176e+05   
 85.2% | 000218112 |    0.0392867  | 1.805e+04| 2.256e+04|          |   4.753e-03   |  2.989e-02 |  5.197e-03 |  1.734e-03 | 1.401e-03 |   8.090e-04  |  2.835e+04  |    1.175e+05   
 85.3% | 000218496 |    0.0406120  |          | 2.230e+04|          |               |            |            |  3.875e-02 | 1.160e-03 |   2.512e-04  |  2.687e+04  |    1.175e+05   
 85.5% | 000218880 |    0.0397294  |          | 2.275e+04|          |               |            |            |  3.819e-02 | 8.179e-04 |   3.394e-04  |  2.691e+04  |    1.175e+05   
 85.7% | 000219264 |    0.0398437  |          | 2.273e+04|          |               |            |            |  3.788e-02 | 1.365e-03 |   1.937e-04  |  2.629e+04  |    1.174e+05   
 85.8% | 000219648 |    0.0380881  | 1.938e+04| 2.272e+04|          |   4.604e-03   |  2.909e-02 |  5.100e-03 |  1.664e-03 | 1.321e-03 |   7.237e-04  |  2.693e+04  |    1.174e+05   
 86.0% | 000220032 |    0.0397801  |          | 2.237e+04|          |               |            |            |  3.799e-02 | 1.139e-03 |   1.973e-04  |  2.524e+04  |    1.173e+05   
 86.1% | 000220416 |    0.0384884  |          | 2.300e+04|          |               |            |            |  3.705e-02 | 7.888e-04 |   2.754e-04  |  2.554e+04  |    1.173e+05   
 86.2% | 000220800 |    0.0388561  |          | 2.284e+04|          |               |            |            |  3.699e-02 | 1.309e-03 |   1.572e-04  |  2.476e+04  |    1.173e+05   
 86.4% | 000221184 |    0.0377982  | 1.896e+04| 2.264e+04|          |   4.382e-03   |  2.907e-02 |  5.135e-03 |  1.632e-03 | 1.319e-03 |   6.979e-04  |  2.490e+04  |    1.172e+05   
 86.5% | 000221568 |    0.0385998  |          | 2.225e+04|          |               |            |            |  3.687e-02 | 1.111e-03 |   1.712e-04  |  2.385e+04  |    1.172e+05   
 86.7% | 000221952 |    0.0378664  |          | 2.279e+04|          |               |            |            |  3.650e-02 | 7.560e-04 |   2.391e-04  |  2.378e+04  |    1.172e+05   
 86.8% | 000222336 |    0.0372803  |          | 2.285e+04|          |               |            |            |  3.551e-02 | 1.202e-03 |   1.683e-04  |  2.361e+04  |    1.171e+05   
 87.0% | 000222720 |    0.0361137  | 1.839e+04| 2.252e+04|          |   4.219e-03   |  2.772e-02 |  5.192e-03 |  1.559e-03 | 1.262e-03 |   6.616e-04  |  2.383e+04  |    1.171e+05   
 87.2% | 000223104 |    0.0370400  |          | 2.220e+04|          |               |            |            |  3.536e-02 | 1.052e-03 |   1.787e-04  |  2.270e+04  |    1.170e+05   
 87.3% | 000223488 |    0.0355816  |          | 2.260e+04|          |               |            |            |  3.425e-02 | 7.200e-04 |   2.364e-04  |  2.309e+04  |    1.170e+05   
 87.5% | 000223872 |    0.0353991  |          | 2.277e+04|          |               |            |            |  3.365e-02 | 1.175e-03 |   1.685e-04  |  2.266e+04  |    1.170e+05   
 87.6% | 000224256 |    0.0348774  | 1.817e+04| 2.261e+04|          |   4.042e-03   |  2.672e-02 |  5.287e-03 |  1.502e-03 | 1.261e-03 |   6.714e-04  |  2.246e+04  |    1.169e+05   
 87.8% | 000224640 |    0.0357010  |          | 2.225e+04|          |               |            |            |  3.397e-02 | 1.094e-03 |   1.763e-04  |  2.142e+04  |    1.169e+05   
 87.9% | 000225024 |    0.0347932  |          | 2.268e+04|          |               |            |            |  3.353e-02 | 6.846e-04 |   2.222e-04  |  2.144e+04  |    1.169e+05   
 88.0% | 000225408 |    0.0345738  |          | 2.264e+04|          |               |            |            |  3.284e-02 | 1.151e-03 |   1.631e-04  |  2.105e+04  |    1.168e+05   
 88.2% | 000225792 |    0.0338198  | 1.803e+04| 2.267e+04|          |   3.836e-03   |  2.601e-02 |  4.946e-03 |  1.443e-03 | 1.232e-03 |   6.173e-04  |  2.099e+04  |    1.168e+05   
 88.3% | 000226176 |    0.0348097  |          | 2.201e+04|          |               |            |            |  3.325e-02 | 9.639e-04 |   1.448e-04  |  1.988e+04  |    1.168e+05   
 88.5% | 000226560 |    0.0336526  |          | 2.253e+04|          |               |            |            |  3.241e-02 | 6.529e-04 |   2.144e-04  |  2.004e+04  |    1.167e+05   
 88.7% | 000226944 |    0.0338712  |          | 2.250e+04|          |               |            |            |  3.216e-02 | 1.147e-03 |   1.389e-04  |  1.940e+04  |    1.167e+05   
 88.8% | 000227328 |    0.0331019  | 1.746e+04| 2.256e+04|          |   3.641e-03   |  2.557e-02 |  4.981e-03 |  1.376e-03 | 1.215e-03 |   5.957e-04  |  1.933e+04  |    1.167e+05   
 89.0% | 000227712 |    0.0337388  |          | 2.214e+04|          |               |            |            |  3.225e-02 | 9.051e-04 |   1.390e-04  |  1.846e+04  |    1.166e+05   
 89.1% | 000228096 |    0.0322946  |          | 2.244e+04|          |               |            |            |  3.108e-02 | 6.384e-04 |   1.897e-04  |  1.877e+04  |    1.166e+05   
 89.2% | 000228480 |    0.0319881  |          | 2.231e+04|          |               |            |            |  3.028e-02 | 1.148e-03 |   1.295e-04  |  1.844e+04  |    1.166e+05   
 89.4% | 000228864 |    0.0301081  | 1.814e+04| 2.242e+04|          |   3.451e-03   |  2.297e-02 |  4.893e-03 |  1.311e-03 | 1.112e-03 |   5.685e-04  |  1.905e+04  |    1.165e+05   
 89.5% | 000229248 |    0.0322194  |          | 2.196e+04|          |               |            |            |  3.066e-02 | 9.569e-04 |   1.518e-04  |  1.730e+04  |    1.165e+05   
 89.7% | 000229632 |    0.0306395  |          | 2.230e+04|          |               |            |            |  2.949e-02 | 5.876e-04 |   1.895e-04  |  1.768e+04  |    1.165e+05   
 89.8% | 000230016 |    0.0311787  |          | 2.224e+04|          |               |            |            |  2.950e-02 | 1.118e-03 |   1.204e-04  |  1.688e+04  |    1.164e+05   
 90.0% | 000230400 |    0.0298227  | 1.816e+04| 2.200e+04|          |   3.263e-03   |  2.300e-02 |  4.829e-03 |  1.252e-03 | 1.109e-03 |   5.228e-04  |  1.713e+04  |    1.164e+05   
 90.2% | 000230784 |    0.0311391  |          | 2.197e+04|          |               |            |            |  2.968e-02 | 8.887e-04 |   1.261e-04  |  1.592e+04  |    1.164e+05   
 90.3% | 000231168 |    0.0300582  |          | 2.209e+04|          |               |            |            |  2.896e-02 | 5.543e-04 |   1.745e-04  |  1.600e+04  |    1.163e+05   
 90.5% | 000231552 |    0.0299801  |          | 2.218e+04|          |               |            |            |  2.845e-02 | 9.826e-04 |   1.251e-04  |  1.555e+04  |    1.163e+05   
 90.6% | 000231936 |    0.0288429  | 1.706e+04| 2.207e+04|          |   3.074e-03   |  2.236e-02 |  4.758e-03 |  1.176e-03 | 1.010e-03 |   5.443e-04  |  1.567e+04  |    1.163e+05   
 90.8% | 000232320 |    0.0302654  |          | 2.192e+04|          |               |            |            |  2.887e-02 | 8.336e-04 |   1.183e-04  |  1.446e+04  |    1.163e+05   
 90.9% | 000232704 |    0.0289921  |          | 2.217e+04|          |               |            |            |  2.792e-02 | 5.243e-04 |   1.680e-04  |  1.461e+04  |    1.162e+05   
 91.0% | 000233088 |    0.0286438  |          | 2.212e+04|          |               |            |            |  2.717e-02 | 9.587e-04 |   1.058e-04  |  1.431e+04  |    1.162e+05   
 91.2% | 000233472 |    0.0270110  | 1.770e+04| 2.210e+04|          |   2.884e-03   |  2.079e-02 |  4.792e-03 |  1.127e-03 | 1.044e-03 |   4.934e-04  |  1.468e+04  |    1.162e+05   
 91.3% | 000233856 |    0.0282029  |          | 2.191e+04|          |               |            |            |  2.683e-02 | 8.225e-04 |   1.180e-04  |  1.359e+04  |    1.161e+05   
 91.5% | 000234240 |    0.0265879  |          | 2.202e+04|          |               |            |            |  2.557e-02 | 4.910e-04 |   1.589e-04  |  1.392e+04  |    1.161e+05   
 91.7% | 000234624 |    0.0269452  |          | 2.188e+04|          |               |            |            |  2.555e-02 | 8.919e-04 |   1.062e-04  |  1.326e+04  |    1.161e+05   
 91.8% | 000235008 |    0.0258498  | 1.715e+04| 2.189e+04|          |   2.694e-03   |  1.994e-02 |  4.664e-03 |  1.062e-03 | 9.786e-04 |   5.010e-04  |  1.333e+04  |    1.160e+05   
 92.0% | 000235392 |    0.0271112  |          | 2.173e+04|          |               |            |            |  2.582e-02 | 7.561e-04 |   1.104e-04  |  1.226e+04  |    1.160e+05   
 92.1% | 000235776 |    0.0257096  |          | 2.185e+04|          |               |            |            |  2.473e-02 | 4.585e-04 |   1.427e-04  |  1.245e+04  |    1.160e+05   
 92.2% | 000236160 |    0.0263320  |          | 2.182e+04|          |               |            |            |  2.488e-02 | 9.478e-04 |   9.858e-05  |  1.170e+04  |    1.160e+05   
 92.4% | 000236544 |    0.0252148  | 1.737e+04| 2.158e+04|          |   2.509e-03   |  1.961e-02 |  4.779e-03 |  9.931e-04 | 9.943e-04 |   4.654e-04  |  1.176e+04  |    1.159e+05   
 92.5% | 000236928 |    0.0262861  |          | 2.147e+04|          |               |            |            |  2.504e-02 | 7.291e-04 |   9.560e-05  |  1.084e+04  |    1.159e+05   
 92.7% | 000237312 |    0.0252708  |          | 2.157e+04|          |               |            |            |  2.434e-02 | 4.231e-04 |   1.407e-04  |  1.083e+04  |    1.159e+05   
 92.8% | 000237696 |    0.0252316  |          | 2.155e+04|          |               |            |            |  2.381e-02 | 9.290e-04 |   8.799e-05  |  1.041e+04  |    1.159e+05   
 93.0% | 000238080 |    0.0241391  | 1.713e+04| 2.141e+04|          |   2.316e-03   |  1.887e-02 |  4.625e-03 |  9.338e-04 | 9.384e-04 |   4.396e-04  |  1.044e+04  |    1.158e+05   
 93.2% | 000238464 |    0.0252057  |          | 2.142e+04|          |               |            |            |  2.403e-02 | 6.693e-04 |   8.689e-05  |  9.576e+03  |    1.158e+05   
 93.3% | 000238848 |    0.0236236  |          | 2.149e+04|          |               |            |            |  2.273e-02 | 4.007e-04 |   1.192e-04  |  9.780e+03  |    1.158e+05   
 93.5% | 000239232 |    0.0229591  |          | 2.153e+04|          |               |            |            |  2.158e-02 | 8.707e-04 |   9.584e-05  |  9.622e+03  |    1.157e+05   
 93.6% | 000239616 |    0.0220582  | 1.671e+04| 2.148e+04|          |   2.122e-03   |  1.710e-02 |  4.646e-03 |  8.665e-04 | 9.007e-04 |   4.168e-04  |  9.567e+03  |    1.157e+05   
 93.8% | 000240000 |    0.0229880  |          | 2.028e+04|          |               |            |            |  2.181e-02 | 6.622e-04 |   7.476e-05  |  8.759e+03  |    1.157e+05   
 93.9% | 000240384 |    0.0221786  |          | 2.036e+04|          |               |            |            |  2.132e-02 | 3.703e-04 |   1.107e-04  |  8.653e+03  |    1.157e+05   
 94.0% | 000240768 |    0.0220164  |          | 2.027e+04|          |               |            |            |  2.062e-02 | 9.161e-04 |   6.878e-05  |  8.299e+03  |    1.156e+05   
 94.2% | 000241152 |    0.0211769  | 1.571e+04| 2.117e+04|          |   1.936e-03   |  1.648e-02 |  4.530e-03 |  8.203e-04 | 8.819e-04 |   4.206e-04  |  8.204e+03  |    1.156e+05   
 94.3% | 000241536 |    0.0216210  |          | 2.127e+04|          |               |            |            |  2.051e-02 | 6.183e-04 |   6.834e-05  |  7.630e+03  |    1.156e+05   
 94.5% | 000241920 |    0.0207570  |          | 2.128e+04|          |               |            |            |  1.996e-02 | 3.274e-04 |   9.822e-05  |  7.537e+03  |    1.156e+05   
 94.7% | 000242304 |    0.0210451  |          | 2.000e+04|          |               |            |            |  1.973e-02 | 8.353e-04 |   6.103e-05  |  7.039e+03  |    1.156e+05   
 94.8% | 000242688 |    0.0202731  | 1.632e+04| 2.098e+04|          |   1.740e-03   |  1.594e-02 |  4.441e-03 |  7.365e-04 | 8.440e-04 |   3.800e-04  |  6.908e+03  |    1.155e+05   
 95.0% | 000243072 |    0.0209419  |          | 1.991e+04|          |               |            |            |  1.990e-02 | 5.560e-04 |   6.563e-05  |  6.313e+03  |    1.155e+05   
 95.1% | 000243456 |    0.0203234  |          | 1.998e+04|          |               |            |            |  1.956e-02 | 2.954e-04 |   9.434e-05  |  6.130e+03  |    1.155e+05   
 95.2% | 000243840 |    0.0199449  |          | 2.065e+04|          |               |            |            |  1.867e-02 | 7.921e-04 |   5.167e-05  |  5.875e+03  |    1.155e+05   
 95.4% | 000244224 |    0.0186832  | 1.589e+04| 1.977e+04|          |   1.560e-03   |  1.466e-02 |  4.446e-03 |  6.830e-04 | 7.825e-04 |   3.766e-04  |  5.888e+03  |    1.154e+05   
 95.5% | 000244608 |    0.0188160  |          | 1.929e+04|          |               |            |            |  1.785e-02 | 5.136e-04 |   5.567e-05  |  5.477e+03  |    1.154e+05   
 95.7% | 000244992 |    0.0178970  |          | 1.941e+04|          |               |            |            |  1.719e-02 | 2.656e-04 |   7.590e-05  |  5.383e+03  |    1.154e+05   
 95.8% | 000245376 |    0.0177862  |          | 1.958e+04|          |               |            |            |  1.660e-02 | 7.255e-04 |   5.004e-05  |  5.052e+03  |    1.154e+05   
 96.0% | 000245760 |    0.0168498  | 1.452e+04| 2.042e+04|          |   1.367e-03   |  1.308e-02 |  4.302e-03 |  6.204e-04 | 7.992e-04 |   3.551e-04  |  4.961e+03  |    1.154e+05   
 96.2% | 000246144 |    0.0179629  |          | 1.892e+04|          |               |            |            |  1.702e-02 | 4.900e-04 |   4.972e-05  |  4.317e+03  |    1.153e+05   
 96.3% | 000246528 |    0.0171065  |          | 1.915e+04|          |               |            |            |  1.645e-02 | 2.296e-04 |   6.420e-05  |  4.193e+03  |    1.153e+05   
 96.5% | 000246912 |    0.0167765  |          | 1.929e+04|          |               |            |            |  1.567e-02 | 6.622e-04 |   4.944e-05  |  3.943e+03  |    1.153e+05   
 96.6% | 000247296 |    0.0163602  | 1.488e+04| 1.987e+04|          |   1.176e-03   |  1.281e-02 |  4.262e-03 |  5.604e-04 | 8.574e-04 |   3.241e-04  |  3.715e+03  |    1.153e+05   
 96.8% | 000247680 |    0.0170838  |          | 1.872e+04|          |               |            |            |  1.618e-02 | 4.480e-04 |   4.796e-05  |  3.258e+03  |    1.153e+05   
 96.9% | 000248064 |    0.0160744  |          | 1.884e+04|          |               |            |            |  1.544e-02 | 2.001e-04 |   5.782e-05  |  3.157e+03  |    1.152e+05   
 97.0% | 000248448 |    0.0160445  |          | 1.781e+04|          |               |            |            |  1.499e-02 | 6.295e-04 |   3.621e-05  |  2.871e+03  |    1.152e+05   
 97.2% | 000248832 |    0.0152478  | 1.379e+04| 1.771e+04|          |   9.873e-04   |  1.193e-02 |  4.232e-03 |  5.097e-04 | 8.923e-04 |   3.011e-04  |  2.729e+03  |    1.152e+05   
GPU  Binding: Process 6 [(p,q)=(0,3)] GPU: 3, pciBusID ce 
GPU  Binding: Process 4 [(p,q)=(0,2)] GPU: 2, pciBusID c9 
 97.3% | 000249216 |    0.0157395  |          | 1.822e+04|          |               |            |            |  1.490e-02 | 4.146e-04 |   4.011e-05  |  2.375e+03  |    1.152e+05   
 97.5% | 000249600 |    0.0147761  |          | 1.839e+04|          |               |            |            |  1.419e-02 | 1.720e-04 |   4.747e-05  |  2.259e+03  |    1.152e+05   
 97.7% | 000249984 |    0.0134928  |          | 1.706e+04|          |               |            |            |  1.244e-02 | 6.030e-04 |   3.836e-05  |  2.194e+03  |    1.152e+05   
 97.8% | 000250368 |    0.0127542  | 1.295e+04| 1.717e+04|          |   7.941e-04   |  9.768e-03 |  4.175e-03 |  4.501e-04 | 8.405e-04 |   2.758e-04  |  2.043e+03  |    1.151e+05   
 98.0% | 000250752 |    0.0130862  |          | 1.629e+04|          |               |            |            |  1.230e-02 | 3.715e-04 |   3.421e-05  |  1.737e+03  |    1.151e+05   
 98.1% | 000251136 |    0.0126627  |          | 1.633e+04|          |               |            |            |  1.208e-02 | 1.646e-04 |   3.823e-05  |  1.551e+03  |    1.151e+05   
 98.2% | 000251520 |    0.0126515  |          | 1.581e+04|          |               |            |            |  1.157e-02 | 6.306e-04 |   2.962e-05  |  1.326e+03  |    1.151e+05   
 98.4% | 000251904 |    0.0119588  | 1.194e+04| 1.499e+04|          |   6.128e-04   |  9.221e-03 |  4.063e-03 |  3.868e-04 | 8.500e-04 |   2.712e-04  |  1.181e+03  |    1.151e+05   
 98.5% | 000252288 |    0.0123180  |          | 1.359e+04|          |               |            |            |  1.157e-02 | 3.138e-04 |   2.813e-05  |  9.509e+02  |    1.151e+05   
 98.7% | 000252672 |    0.0119096  |          | 1.421e+04|          |               |            |            |  1.134e-02 | 1.603e-04 |   3.186e-05  |  7.997e+02  |    1.151e+05   
 98.8% | 000253056 |    0.0120090  |          | 1.263e+04|          |               |            |            |  1.094e-02 | 6.253e-04 |   1.794e-05  |  6.296e+02  |    1.150e+05   
 99.0% | 000253440 |    0.0113604  | 9.011e+03| 9.506e+03|          |   4.192e-04   |  8.976e-03 |  3.975e-03 |  3.243e-04 | 7.904e-04 |   2.465e-04  |  5.127e+02  |    1.150e+05   
 99.2% | 000253824 |    0.0116261  |          | 8.389e+03|          |               |            |            |  1.093e-02 | 2.783e-04 |   2.066e-05  |  3.712e+02  |    1.150e+05   
 99.3% | 000254208 |    0.0111531  |          | 9.118e+03|          |               |            |            |  1.062e-02 | 1.366e-04 |   3.057e-05  |  2.718e+02  |    1.150e+05   
 99.5% | 000254592 |    0.0110830  |          | 5.461e+03|          |               |            |            |  1.019e-02 | 4.935e-04 |   2.092e-05  |  1.782e+02  |    1.150e+05   
 99.6% | 000254976 |    0.0088678  | 5.840e+03|          |          |   2.250e-04   |  7.597e-03 |  3.832e-03 |  2.521e-04 | 0.000e+00 |   3.281e-04  |  1.291e+02  |    1.150e+05   
 99.8% | 000255360 |    0.0093019  |          |          |          |               |            |            |  9.299e-03 | 0.000e+00 |   2.866e-06  |  5.813e+01  |    1.150e+05   
 99.9% | 000255744 |    0.0049577  |          |          |          |               |            |            |  4.955e-03 | 0.000e+00 |   2.675e-06  |  1.577e+01  |    1.150e+05   
Final Score:    1.1398e+05 GFLOPS 
Residual Check: PASSED 
GPU  Binding: Process 3 [(p,q)=(1,1)] GPU: 5, pciBusID d6 
GPU  Binding: Process 2 [(p,q)=(0,1)] GPU: 1, pciBusID c6 
GPU  Binding: Process 7 [(p,q)=(1,3)] GPU: 7, pciBusID de 
GPU  Binding: Process 5 [(p,q)=(1,2)] GPU: 6, pciBusID d9 
GPU  Binding: Process 1 [(p,q)=(1,0)] GPU: 4, pciBusID d1
